	English	Proto-form	Under	Type
aa		a(a)		base
aa-ang		a(a)&		base
aaggsak		a9!a3u9a3	a9!a(3)	base
aaggsaq		a9!a3u9a3	a9!a(3)	base
aakaq		a(a)ka3		base
aamar-		ama(C)-		base
aamaq		ama(C)-		base
aana		a(a)na		base
aarraaliq		a(a)-a(a)&li3		base
aarraangiiq		a(a)-a(a)&li3		base
aassaqe-		a(a)tsaq0-		base
aassaqeq		a(a)tsaq0-		base
aata		ata¹		base
aataak		a(a)ta(a)!		base
aatunaq		aatunaq		base
aavcaaq		aavcaaq		base
acaluq		acalu3		base
aci-		aci¹		base
acilquq		aci¹		base
acir-		acci3-	at03	base
acirneq		aci3n03	at(0)-	base
acitmun		at(0)-		base
acitmurte-		at(0)-		base
aciute-		acci3ut0-	at03	base
acivar-		aciva3-	aci¹	base
acliq		atli3	at(0)-	base
acuniar-		acu-		base
acuraq		acu3a3		base
aga-		a!(!)a(3)-		base
ag’anga-		a!(!)a!-		base
agaq		a!(!)a(3)-		base
agarte-		a!(!)a(3)-		base
agayu-		a!ayu-		base
agayuuq		a!ayuuq		base
agciun		a!ciun		base
age-		a!0-		base
agute-		a!0-		base
aggigte-		as(q)i!te-		base
aggsuun		a!cuun		base
agiirte-		a!0		base
agler-		a!l03(-)		base
agluma-		al!u-		base
agluquq		a!luqu3	a!lu3	base
aglur-		a!lu3		base
agluryaq		a!lu3yaq	a!lu3	base
agtar-		a!ta3-	a!0-	base
agtur-		a!tu3-		base
aguumaq		a!u(C)umma3-		base
agyaq		a!yaq		base
agyaur-		a!yu3-		base
agyumciar(ar)-		a!yumi3-		base
agyumir-		a!yumi3-		base
ai		ay		base
aiggaq		a9!a(3)		base
aipaq		a(C)ippa3		base
airraq		aya3a3a3		base
aisgaaq		a9!a(C)a3	a9!a(3)	base
aasgaaq		a9!a(C)a3	a9!a(3)	base
aitar-		a!itta3-		base
aitaur-		a!itta3u3-	a!itta3-	base
ak’a		akka		base
akaa		aka(a)		base
akag-		ak9a!-		base
akeka		aka(a)		base
akeq		ak03		base
akeqe-		ak0q0-		base
akerta		aki3	aki (-)	base
aki		aki(-)		base
aki-		aki(-)		base
akigar-		aki!a3-	aki(-)	base
akiite-		aki&it-	aki(-)	base
akilir-		akili3-	aki(-)	base
akimiaq		akimi!a3	aki(-)	base
akin		akin	aki(-)	base
akiqliq		akil(l)i3	aki(-)	base
akir-		akki3-		base
akitmiar-		akitmi(C)-		base
akitmite-		akitmi(C)-		base
akiur-		aki3u3-	aki(-)	base
akivigte-		akivi!-		base
aklegaq		akl0!a3	ak03	base
aklu(q)		aklu-		base
akmaliarall’err(aq)		akmalia3aq		base
akngirte-		at&i3-		base
aknirte-		at&i3-		base
aku(q)		aku(3)		base
akula		akul0	aku(3)	base
akulipeq		akulipaq	aku(3)	base
akulipraq		akulipaq	aku(3)	base
akuliq		akul(l)i3	aku(3)	base
akuliraq		akuli3a3(aku(3))		base
akulqucuk		akulqucuk	aku(3)	base
akultuqucuk		akulqucuk	aku(3)	base
akultu-		akultu-	aku(3)	base
akuqar-		aku3-¹		base
akuraq		aku3a3	aku(3)	base
akurte-		aku3-²		base
akurtur-		aku3-¹		base
akusrarte-		akp0t-		base
akutaq		akuta3	aku(3)	base
akute-		akut-	aku(3)	base
akwarpak		ak(k)uva3		base
akwaugaq		ak(k)uva3		base
ala-a		a(a)		base
alagnaq		ala!naq		base
ala-i		a(a)		base
alai(yug)-		ali!a-		base
alair-		alla3(-)		base
alaite-		ala3it0-	alla3(i3)-	base
alake-	(attracted to)	ala-		base
alake-	(notice)	ala&ka3-		base
alakiitaq		ulak(k)ita3-		base
alangaar-		ala&3u-		base
alange-		ala-		base
alangru(q)		ala&3u-		base
alap’aa		alappaa		base
alapen’erte-		alap0n3a3-		base
alapeng’erte-		alap0n3a3-		base
alarte-		ala3-		base
alarute-		alla3(i3)-		base
alemqar-		al0mqa3-		base
al’erpak		al(0)3a3(a3) 		base
alerqur-		al03aq9u3-		base
alia(yug)-		ali!a-		base
alike-		alik0-		base
alinge-		ali&0-		base
alingite-		ali&it0-		base
alingtar-		ali&ta3-	ali&0-	base
aliq		a9i3		base
aliqiliqiaq		alqiliq		base
aliurtuq		ali(C)u3tu3		base
alivtur-		alivtu3-		base
alla		atla		base
allaneq		atlan03	atla	base
allayug-		atlayu!-	atla	base
alleg-		a@0!-¹		base
allgiar(aq)		a@!i3		base
alliqaq		atliqa3	at(0)-	base
alliraq		atli3a3	at(0)-	base
allirta		a@i3t0		base
allngik		a@&i!		base
allragni		al3ani	al03	base
allraku		al3ani	al03	base
allungak		a@u&$ak		base
allurte-		a@u3-		base
alme-		al0mqa3-		base
almigaq		almi!$aq		base
alngaq		al&a3(-)		base
alpa		alpa(!)		base
alqaq		al0qa(3)		base
alqar-		al0mqa3-		base
alqiliq		alqiliq		base
alqunaq		alquna3-		base
alrapak		al3apak	al03	base
alu(q)		alu(3)		base
alunge-		alu!-		base
alungun		alu(C)un	alu!-	base
aluqaq		aluqaq		base
aluqun		aluqaq		base
aluqan		aluqaq		base
alutur-		alutu3-		base
alutuke-		alutu3-		base
aluvik		aluvik		base
amaqsuq		ama3tu3		base
amar-		ama3-		base
amarullek		ama3utl0q		base
amauq		ama(C)u3		base
amelkite-		am0@0		base
amelraq		amil0qa3	amit-	base
ameltu-		am0@0		base
amiik		amik		base
amikuk		amik(k)u3		base
amili-		amitli-	amit-	base
aminaq		amina3-		base
aminraq		amin3aq	ami3	base
amiq		ami3		base
amirluq		ami3luq		base
amitatuk		amitatuk	amit-	base
amite-		amit-		base
amlek		am0@0		base
amlleq		am0l(0)3a(3)-		base
amllir-		am@u3-		base
amqar-		amqa3-		base
amraq		am3aq		base
amu-		amu-		base
amun		ammun	amu-	base
amyak		amyak		base
anaana		ana(a)na		base
anag-		anna!-		base
anagte-		ana!t0-	an(n)a!-	base
anagute-		anna!ut0-	an(n)a!-	base
anaiq		ana3i3(ya3)	ana3(-)	base
anaq		ana3(-)		base
anar-		ana3(-)		base
anaqsartur-		anaqya3tu3-	ana3(-)	base
anaqsug-		anaqyu!-	ana3(-)	base
anau-		ana!u-		base
anaute-		anna!ut0-		base
anautaq		ana!utaq	ana!u-	base
ancarneq		an(0)ca3n03	an0-	base
ane-		an0-		base
anelgun		an0@!un	an0-	base
anerneq		an03n03	an03-	base
anerteqe-		an03t0q0-	an03-	base
aneryaar-		an03ya(C)a3-	an03-	base
angak		a&a!		base
angala-		a&ala-	a&a3-	base
angalaci-		a&alat-	a&ala-	base
angalkuq		a&alku3		base
angaqe-		a&aq0-		base
ang’aqe-		a&a(3)-		base
an’garaq		an(0)!a3(a3)		base
angayite-		a&a3-		base
angayuk		a&ayu!		base
angayukliq		a&ayukli3	a&ayu!	base
angayuqaq		a&ayuq(q)a3	a&ayu!	base
ange-		a&0-		base
angenquq		a&0nquq	a&0-	base
angeq		a&eq		base
angernak		ay0&0		base
angeryuk		ay0&0		base
anger-		a&03-		base
angi-		a&i-		base
angimurte-		a&it-		base
an’gir-		an0!i3-	an0-	base
anglanarqe-		a&la-		base
anglani-		a&la-		base
angli-		a&(0)li-	a&0-	base
anglicar-		a&(0)li-	a&0-	base
anglluaq		anlu(C)a3	anlu	base
angnir-		a&ni3-		base
angniq		a&ni3-		base
angpar-		a&va3-	a&va-	base
angqaq		a&qaq		base
angqute-		a&qut0-		base
angtuaq		a&tu3(a3)	a&0-	base
angu-		a&u-		base
anguar-		a&u9a3-		base
anguarun		a&u9a3un	a&u9a3-	base
angucaluq		a&ucallu3	a&un	base
angukaq		a&ukaq		base
angukaraq		a&uka3aq	a&un	base
angula-		a&ula-		base
angulate-		a&alat-	a&ala-	base
angun		a&un		base
angutnguneq		a&ut&un03	a&un	base
anguur-		a&u9u3-		base
anguyak		a&uya!		base
a&uyu-		a&uyu(3)-	a&u-	base
angyaq		a&yaq		base
angyarrluk		a&yaq		base
aniguyaq		ani!utya3	ani!u	base
aninguaq		ani&uaq		base
aninqe-		aninq0-		base
anipa(q)		anipa		base
anirta		ani3ta		base
aniu		ani!u		base
anlleq		an@0q		base
anlu		anlu		base
anluaq		anlu(C)a3	anlu	base
anngaq		an0&a3		base
anrutaq		an(0)3uta3		base
ante-		an0t-	an0-	base
anu(k)		anu		base
anucimirqe-		anucimi3-	annut-	base
anucinge-		annut-		base
anuqa		anuq0-		base
anuqlir-		anuqli3-	anuq0-	base
anuraqe-		anu3aq0-		base
anvik		ann0vi!	an0-	base
apa(q)		ap(p)a¹		base
apalluk		apa@uk		base
apamaq		apumma3		base
apa’urluq		apa3u3luq	ap(p)a¹	base
aper-		ap03-		base
apete-		ap0t(0)-		base
apnge-		ap0&0-		base
appa		ap(p)a¹		base
apqaur-		ap0qa3-	ap0t(0)-	base
apqara-		ap0qa3-	ap0t(0)-	base
aprun		ap3un		base
apsuq		apyu3		base
apun		apun	ap0-	base
apur-		apu3-		base
aqatak		aqaya!-		base
aqavsik		aq0v9i!		base
aqe-		aq0-		base
aqelqaq		aq0lqaq		base
aqesgiq		aq09!i3		base
aqesngaar-		aq0st0-		base
aqeste-		aq0st0-		base
aqevla-		aq0vl03-		base
aqevlerte-		aq0vl03-		base
aqevyik		aq0v9i!		base
aqilrurte-		aqil3u3	aqit-	base
aqiturte-		aqitu3-	aqit-	base
aqlarnir-		aqla-		base
aqlate-		aqla-		base
aqsamuq		aqyamu!	aq(0)ya3	base
aqu		aqu		base
aqui-		aqu(C)i-		base
aqume-		aqum0-		base
akumkallag-		aqumka@a!-	aqum0-	base
aqumga-		aqum!a-	aqum0-	base
aqumlleq		aqum@0q	aqum0-	base
aquq		qaqu(3)		base
aqutaq		aqu(3u)n	aqu	base
aqva-		aqva-		base
aqvaqur-		aqvaqu3-	aqva-	base
aq’ve-		aqva-		base
aqsaq		aq(0)ya3		base
aqsaquq		aq(0)yaqu3	aq(0)ya3	base
araq		a39a		base
arcake-		a3ca3-		base
arcaqe-		a3ca3-		base
arenqig-		a30nqi!-		base
ari-		a3i(t)-		base
arilluk		a3in		base
arin		a3in		base
arinaq		a3ina3-	a3i-	base
ar’inaq		a33i(t)na3		base
aripa-		a3ipa-		base
ariva-		a3iva-		base
arivlurte-		avi(3)lu3-		base
arivneq		ayu!-		base
arivte-		a3iva-		base
arliaq		a3li(!)aq		base
arliar-		a3li(C)-		base
arnacaluq		a3nacallu3	a3na3	base
arnalquar(aq)		a3nalqu(C)a3	a3na3	base
arnaq		a3na3		base
arnauneq		a3na3un03	a3na3	base
arniqe-		a3niq0-	a3na3	base
arrluk		a(C)a3@u!		base
arrnaq		a3(a3)naq		base
artur-		a3tu3-		base
aru-		a3u-		base
arula-		a3ula-		base
arulair-		a3ula(&)i3-	a3ula-	base
arulate-		a3ulat-	a3ula-	base
aruqe-		a3uq0-		base
arvak		a3va!-		base
arveq		a3v03		base
arvinlegen		a3vin(0)l0!	a3va!	base
arvir-		a3vi3-		base
aryuqe-		a3yuq0-	a3(0)yu-	base
as’arcaraq		at5a3-	at0-	base
asgir-		a9!i3-		base
asgur-		a9!u3-		base
asgurake-		a9!u3a-	a9!u3-	base
asigarnaq		asi!a3naq		base
asigtaq		aci!taq	at(0)-	base
asiite-		asi3-		base
asmegte-		ay0m0!t0-	ay0m0-	base
aspiar-		asi3-		base
asqigte-		asi3-		base
asriq		a!$i(3)-		base
assigtaq		aci!taq	at(0)-	base
assigte-		as(q)i!t0-		base
assike-		asik0-	asi3-	base
assingaq		at(0)-		base
assipaq		at(0)-		base
assipek		at(0)-		base
assir-		asi3-		base
assirneq		aci3n03	at(0)-	base
as’un		at$uq-	at0-	base
asvaite-		ayva-		base
asvair-		ayva-		base
asveq		ayv03		base
ata	(father)	ata¹		base
ata	(listen)	ata²		base
ata-		ata-		base
ataata		ata(a)ta		base
ataku		ataku	ata²	base
ataneq		atan03	ata-	base
ataucikun		ata3uccikun	ata3uci3	base
atauciq		ata3uci3		base
ate-		at0-		base
ategtu-		at0tu-	at(0)-	base
ateq		at03		base
ater-		at03-	at(0)-	base
aterte-		at03t0-	at(0)-	base
atgiaq		at!iyaq		base
atkuk		at0k0		base
atliq		atli3	at(0)-	base
atmak		natma!-		base
atneq		atn0q	at(0)-	base
atrar-		at3a3-	at(0)-	base
atrilnguq		at3il&uq	at03	base
atsaq		atya3		base
atunem		atun0m		base
atungar		atu&a3		base
atur-		atu3-		base
atuun		atu(3)un	atu3-	base
au-		avu-		base
a¥’ar-		av(v)a3(i3)-		base
a¥’arite-		av(v)a3(i3)-		base
a¥tar-		a!wa3-		base
augyaq		a9u!ya3	a9u!	base
auk		a9u!		base
auluke-		a(C)uluk0-		base
aumaq		a(C)uma3		base
aunrar-		a9un(0)3a3-	a9u!	base
aur-		avu3-		base
aurre-		a9u3-		base
avaliq		avali3-		base
avaq		av9a3		base
avaqutaq		avaqutaq		base
avataq		avata3		base
avate-	(choke)	ava-		base
avate-	(area around)	avan		base
avaur-		ava(C)u3-		base
avayaq		avayaq		base
avcellngaq		av0l&a3		base
aveg-		av0!-		base
avek		av0!-		base
avelngaq		av0l&a3		base
avgur-		av!u3-	av0!-	base
aviraute-		av9i3-	av9a3-	base
avirlurte-		avi(3)lu3-		base
avite-		a!wit0-		base
aviu-		avi3u-		base
avler-		avl03-		base
avnguq		av(0)&uq		base
avte-		av0t-	av0!-	base
avu-		avu-		base
avur-		avu3-		base
ayag-		aya!-		base
ayagaq		aya!a3-	aya!-	base
ayagta		aya!ta	aya!-	base
ayagtuutaq		aya!tu3-	aya!-	base
ayakutar(aq)		ayakutaq	aya!-	base
ayallaq		a@ayaq		base
ayalur-		ayalu(3)-		base
ayalua-		ayalu(3)-		base
ayani-		ayani(3)-		base
ayaper-		ayap03-	aya!-	base
ayari-		aya3i-		base
ayarr’aq		aya3a3a3		base
ayaruq		aya3u3	aya!-	base
ayaun		aya!un	aya!-	base
ayeme-		ay0m0-		base
ayi-		ayi-		base
ayu-		ayu-		base
ayuqe-		ayuq0-		base
ayuqucirtur-		ayuquci3tu3-	ayuq0-	base
ayute-		ayut-	ayu-	base
ca-		cu(na)		base
caaganeq		ci(9)a!an03		base
saaganeq		ci(9)a!an03		base
caarrluk		cu3uyuk		base
caavte-		cav0t-		base
caayuryaq		caayu3(y)aq		base
cacetu-		tat0		base
cagiq		ca!iq		base
cagmar-		ci9a!ma(3)-	ci9a!-	base
cagner-		ca!n03-		base
cagni-		ca!ni-		base
cagte-		ci9a!-		base
caite-		cu(na)&it-	cu(na)	base
caiggluk		ca90!(i3)		base
caggluk		ca90!(i3)		base
cakiak		caki(C)a3		base
cakiq		caki		base
cakiraq		caki3a3	caki	base
cakite-		caki(t0)-		base
cakivte-		cak0v0t-		base
cakuug-		cak0v0t-		base
calaraq		cala3aq		base
cali		cu(na)li	cu(na)	base
cali-		cu(na)li-	cu(na)	base
calla-		ca@a-		base
calligte-		ca@i!-¹		base
callmak		ca@mak		base
caltur-		tat(0)tu3-		base
calugte-		calu!-		base
camataq		camataq		base
cana-		cana(3)-		base
canar-		cana(3)-		base
canek		can0!		base
cangag-		ca&a!-		base
can’ggete-		can0!(0)t-		base
cangigar-		ca&i!-		base
cangimirte-		ca&immi3-		base
cangu-		ca&u-		base
cangur-		ca&u3-		base
cani-		cani-		base
caniqaq		caniqa3	cani-	base
canir-	(sweep)	cani3-		base
canir-	(on side)	canni3-		base
canirun		canniqun	cani-	base
caniurtaq		cani&u3taq	cani-	base
canivar-		caniva3-	cani-	base
can’u-		can(n)u-		base
capa		cap0-		base
cape-		cap0-		base
caperrnarqe-		cap03na3-		base
capir-		capi3-	cap0-	base
capun		cap(p)un	cap0-	base
caqelngataq		caq0l0kita3		base
caqete-		caq0-²		base
caqir-		caq0-¹		base
caqu		caqu-²		base
caqu-		caqu-²		base
caqvir-		caqvi3-	caqvi!	base
carayak		ca3ayak		base
cariar-		ca3ia3-		base
carliaq		ca3li!a3		base
carumik		ca3umi!		base
carvaq		ca3va3		base
casguq		ca90!u3		base
caskuk		ca9ku		base
cate		cat0		base
cau-		ca(C)u-		base
cauyaq		ca!uyaq		base
cave-		yav0-		base
save-		yav0-		base
caveg-		cava!-		base
cavek		cave!		base
cavik		cavi!		base
cavte-		cav0t-		base
cavun		yavun	yav0-	base
savun		yavun	yav0-	base
cayak		cayak		base
sayak		cayak		base
cayaq		caya(!)		base
cayurte-		cayu3-		base
ceg-		ci90!-		base
cegg’ar-		0s!a3(a3)-	090	base
cella		cila		base
cellai3ute-		cila&i3ut0-	cila	base
cellaite-		cila&it-	cila	base
cellakegci-		cilaki!-	cila	base
cellalluk		cila@u!	cila	base
celleg-		cil0!-¹		base
celli-		cili-		base
cellin		cillin	cili-	base
cellur-		cilu3-		base
cen⁄a		cin0		base
cena		cin0		base
ceng’ur-		ci&u3-		base
seng’ur-		ci&u3-		base
cen⁄iqqaq		c0niq	cin0	base
cen⁄irte-		cini3-		base
cenkutaq		cinkuta!		base
ceq		09i3		base
ceqcaaq		c0qtaaq		base
ceqcerte-		c0qtaaq		base
ceqpilinaq		ceqtaaq		base
ceremraq		cu3(0)m03aq		base
ceryirpak		ci3u39u!		base
cetaaq		ceqtaaq		base
cetaman		citamat		base
cetegtaq		cit0(!)-		base
cetengqite-		cit0(!)-		base
ceter-		t0t03-		base
cetu-		citu-		base
cetuaq		citu(C)a3		base
cetuk		cituk		base
cetumquq		citumquq	cituk	base
cetur-		cittu3-		base
cevak		civ(v)a3-		base
ceve-		civ0-		base
cevvarte-		civ(v)a3-		base
ciame-		ci9am0(t)-		base
ciamruq		ci9am3uq	ci9am0(t)-	base
ciguq		ci!uq		base
cigur(aq)		ci!uq		base
cigvik		ci!vik		base
cii-		ci!i-		base
ciikar-		0t0!(ta3)-		base
ciilavik		ciilavik		base
ciilerte-		ci(!)il03t0-	ci!i-	base
ciilmak		ca!0lmak		base
ciilqaaq		ciilqaaq		base
ciilraq		ciil3aq	ci!i-	base
ciin		ca&an	cu(na)	base
ciiq		cii(3)		base
ciisqumig-		ci!09qumi!-	ci!09qu3	base
ciisquq		ci!09qu3		base
ciivak		ciivak		base
cikaaq		cikaaq		base
cikaar(aq)		cikaaq		base
cikete-		cik0(t)-		base
cikik		cik9i!		base
cikir-		ciki3-		base
ciklaq		cikla3		base
cikme-		cikmi3-		base
cikmir-		cikmi3-		base
cikna-		cikna-		base
ciku		ciku		base
cikuaq		ciku(C)a3	ciku	base
cikuir-		ciku&i3-	ciku	base
cikuq		ciku3		base
cilluvak		ci@uva!		base
cimir-		cimmi3-		base
cingar-		ci&a3-		base
cinge-		ci&0(t)-		base
cingik		ci&i!		base
cingilek		ci&il0k	ci&ik	base
cingilegaq		ci&il0k	ci&ik	base
cingilleq		ci&i@0q	ci&i3	base
cingiq		ci&i3		base
cingqe-		ci&qu3-		base
cingyaaq		ci&9a(C)a3		base
cin’aq		cin(n)aq		base
cipegte-		cip0(!)-		base
cipete-		cip0(t)-		base
cipsaq		cipya3		base
ciqi-		ciq03-		base
ciqineq		ciqin03		base
ciqite-		ciq(q)it-	ciq03-	base
ciqpag-		ciqpa!-	ciq03-	base
ciqume-		ciqum0(t)-		base
ciquq		ciquq		base
ciri-		ci3i-		base
cirlake-		ci3l03-		base
cirliqe-		ci3@03-		base
cirmik		ci3mi3		base
cirmiute-		ci3mi3		base
ciruneq		ci3un0q		base
ciruq		ciquq		base
citugmig-		citu!mi!-	cituk	base
ciu-		civu-		base
ciug-		civ(v)u!-		base
civug-		civ(v)u!-		base
ciulegte-		civul0!-	civu-	base
ciuliaq		civuli3a3	civu-	base
ciun		ci!un		base
ciuneq		civun03	civu-	base
ciunir-		civunni3-	civu-	base
ciuqliq		civuqli3	civu-	base
ciur-		civvu3-		base
ciutaiq		ci(!)utaiq	ci!un	base
ciutequluk		ci!ut0qu3	ci!un	base
ciuvak		n0vyuva!		base
civte-		civt0-		base
civu-		civu-		base
civuaq		civu(C)a3	civu-	base
civuura-		civuu(C)u3a-		base
cuagte-		cu!a!-		base
cuak		ci@uva!		base
cucu-		tucu-		base
cugg’eq		cu!du!		base
cuignilnguq		cuvi&nit-		base
cuk		i&u!		base
cuka		cuka3		base
cuka-		cuk(k)a-		base
cukaite-		cuk(k)a&it-	cuk(k)a-	base
cukiq		cuki(3)		base
cukilanaq		cuki(3)		base
cukite-		cukkit-	cuki(3)	base
cukluuk		cukluk		base
culugpauq		culu!pa(C)u!	culu!	base
culuk		culu!		base
culu’ugte-		culu!		base
culurte-		culu3t0-		base
cumerte-		cum03(t0)-		base
cumilngu-		cumil&u-	cumi!-	base
cuminge-		cumi&0-	cumi&0-	base
cumite-		cumi!-		base
cimigte-		cumi!-		base
cunawa		cuna-uvva		base
cungagliq		cu&a!-	cu&a(3)	base
cungak		cu&a(3)		base
cungaqcuarnaq		cu&aqcua3(naq)	cu&a(3)	base
cungakcuarnaq		cu&aqcua3(naq)	cu&a(3)	base
cungarteqe-		cu&a3-		base
cungavseq		cu&a(3)		base
cungasveq		cu&a(3)		base
cungite-		cu&it0-		base
cung’uq		cu&&u3		base
cupe-		cup0-¹		base
cupigte-		cupi!-		base
cupluq		cuplu!		base
cupuraq		cupu!aq		base
cuqaq		cuqqa3		base
cuqe-		cuqqa(C)a3-		base
cuqeq		cu3(3)uk(-)		base
cuqete-		cuqqa(C)a3-		base
cuqlamcaq		cuqla!		base
cuqlur-		cuqlu3-		base
curaq		cu3aq		base
curlu		cu3lu		base
curug-		cu39u!-		base
curuq		cu3uq		base
cuukvak		cuukvak		base
cuvayaaq		n0v!u3		base
cuyaq		cuyaq		base
cuyu-		cu9(9)u-		base
eciq		0ci3		base
ecuite-		0cu3it-	0cu3-	base
ecur-		0cu3-		base
ega-		0!a-		base
egaaq		0!a(C)a3	0!a-	base
egaleq		0!al03		base
egamaarrluk		0!ama(C)a3@u!	0!a-	base
egan		0!an	0!a-	base
ege-		0!0-		base
egiaq		0!iyaaq		base
egkuq		0!kuq		base
eglerte-		0!l03-		base
eglu		0!lu(q)		base
egluq		0!lu(q)		base
egmian		0!mi3-		base
egnaarte-		0303ni(3)-		base
egneq		0!n03	0!0-	base
egqakun		0!qa3-	0!0t-	base
egtaq		0!ta3	0!0t-	base
egte-		0!0t-		base
egtuk		0!tu!(-)		base
egturyaq		k0!tu3ya3		base
eguaqur-		0!qua3(t0)-		base
egume-		0!um0(t)-		base
eka		0k0-¹		base
eke- 	(burn)	0k0-¹		base
eke-	(get or put in)	0k0-²		base
ekiaq		0ki9a3	0ki9a3-	base
ekiliq		akulipaq	aku(3)	base
ekiq		0ki		base
ekli(yug)-		0kli-		base
ekua-		0kuma-	0k0-¹	base
ek’ur(ar)-		0k(0)9u3(a3)-	0k0-²	base
ekvik		0kvi!		base
elag-		0la!-		base
elagayuli		0la!ayuli	0la!-	base
elagyaq		0la!yaq	0la!-	base
elakaq		0lakaq	0la!-	base
elalirte-		0lali3-		base
elaqliq		cilalli3	cila	base
elara-		0la3a-		base
elaturraq		cilatuqaq	cila	base
elave-		0lav0-		base
lave-		0lav0-		base
elciar-		n0lca3-		base
elgar-		0l!a3-		base
elicar-		0lica3-	0lit-	base
elicima-		0licima-	0lit-	base
eligarte-		0li!a3t0-	0lit-	base
elillgia-		i&ut-²		base
elima-		0lima-		base
elingra(yug)-		0li3a-		base
elirqe-		0li3q0-	0@i-	base
elitaqe-		0litaq0-	0lit-	base
elite-		0lit-		base
elitnaur-		0litnau3-	0lit-	base
eliveq		0@iv03	0@i-	base
elivte-		0livt0-		base
livte-		0livt0-		base
ella		cila		base
ellai-		t0la!-		base
ellairute-		cila&i3ut0-	cila	base
ellaite-		cila&it-	cila	base
ellakegci-		cilaki!-	cila	base
ellalluk		cila@u!	cila	base
elleg-		cil0!-¹		base
ellerrar(aq)		(0)@0&a9a3(-)		base
llerrar(aq)		(0)@0&a9a3(-)		base
elli-	(sharpen)	cili-		base
elli-	(put, place)	0@i-		base
ellii		0@(0)&a		base
ellimer-		t0li-		base
ellin		cillin	cili-	base
ellir-		0@i3-	0@i-	base
elliraq		0@i!a3(a3)		base
elliveq		0@iv0q	0@i-	base
ellivik		0@(@)ivi!	0@i-	base
ellmaar		0@ma3(a3)		base
ellmi-		0@mi-		base
ellngar-		0@&a3-		base
elluar-		0@u3a3-		base
ellumrun		p0@u!-		base
elluqun		0tlu(3)-		base
ellur-		cilu3-		base
elnguq		n0l&u(3)-		base
elpeke-		0lp0k0-		base
elpet		0lp0t		base
elqiaq		t0lqi9a3		base
elquaq		q0lqu9a3		base
elraur-		0!l03-		base
elravig		0l3avi!		base
elturar		0ltu(3a)q		base
eluciq		0luci3	0t-	base
elumar-		elimma3-		base
elurtu-		0lu3-		base
emuk		0mmu!		base
emute-		0m0t-		base
ena		0n0		base
enair-		0n0&i3-	0n0	base
en’aq		t0n(n)aq	t0n0t-	base
eneq		n0n0q		base
engelqaq		k0nl0		base
englar-		0&la3-		base
enig-		0&i!-		base
enir-		t0nni3-		base
enki-		0&ki-		base
enliaq		0nli(C)a3		base
enqake-		0nqa(3)-		base
ente-		t0n0t-		base
enur-		0nu3-		base
enuur-		t0nu-		base
epaar-		0ppa3-		base
epe-		0p0-		base
epnaiq		0pna3i3	0pna3	base
epnaq		0pna3		base
eprir-		0p3i3-		base
epsalngu-		0pyal&u-	0p0-	base
epu		0pu		base
epulquq		0pulquq	0pu	base
eqe-		0q0-¹		base
eqiur-		q099i(C)u3-	q09u!	base
eqnarqe-		0q0-²		base
equg-		0q9u!-		base
equk	(wood)	q09u!		base
equk	(thing in mouth)	0q9u!-		base
ere-		030-¹		base
erevte-		0v03t0-		base
erina(q)		03ina(q)		base
erinraq		03i-		base
eriq		039i		base
eritar-		03ita3-	03i-	base
ermig-		03mi!-		base
erneq		03n0q	030-²	base
ernertur(aq)		qi3n03-		base
erte-		030-²		base
erur-		033u3-	030-¹	base
erute-		03ut0-	030-²	base
ervig-		03(0)vi!-	030-¹	base
ervuqar-		03vuqa3-	030-¹	base
ervuqe-		03vuqa3-	030-¹	base
esiq		0yyi3		base
eskaviaq		k09(0)kavi!		base
essmiar-		ci&u3-		base
essngur-		ci&u3-		base
esvaiq		0vya&(&)i3		base
ete-		0t-		base
etgalqite-		0t!al3it-	0t0-	base
etgate-		0t!at-	0t0-	base
et’u-		0t0-		base
eva-		0va-		base
evate-		ava-		base
evcug-		0vcu!-		base
everte-		0v03t0-		base
verte-		0v03t0-		base
evsiaq		0vya&(&)i3		base
evu-		i&(0)yu-		base
evunret		i&(0)yu-		base
eyag-		i&a!-		base
eyur-	(jell)	i!9u3-		base
eyur-	(stick up for)	i!$u3-		base
gilerte-		0!l03-		base
icivaq		iciva3		base
iciwa		ici!wa		base
igaq		i!aq		base
ige-		i!0-¹		base
iggag-		i!0!a3-		base
igta		$i!t0		base
igte-		i!t0-		base
igur-	(jell)	i!9u3-		base
igur-	(stick up for)	i!$u3-		base
igur-	(drill into)	ni!09u3-		base
iguuk		i!9u!		base
iguun		ni!09u3un	ni!09u3-	base
igvar-		i!va3-		base
igyaraq		i!ya3(a3)		base
ii		090		base
ii-		a!a-		base
iigmiur-		090!mi!-	090	base
iinraq		i903a3	i903-	base
iinru(q)		a!an3u(C)(a3)		base
iir-		i903-		base
iiraq	(spirit)	i903a3	i903-	base
iiraq	(scar, gland)	0903a(3)		base
iitaq		iitaq		base
iivkar-		090vka3-		base
ikamraq		ikam3a3		base
ikanga-		ika!-		base
ikayur-		ikayu3-		base
ikgete-		ik0!(0)t-		base
ikig-		iki!-		base
ikii		ikki		base
ikiituk		iki(C)itu!		base
ikir-		iki3-		base
ikug-		iku!-		base
ikusek		ikuy0!		base
ikuutaq		iku!uta3	iku!-	base
ila		ila(-)		base
ilaaq		ila(C)a3	ila(-)¹	base
ilacir-		ilacci3-		base
ilag-		il(l)a!-		base
ilar-		il(l)a!-		base
ilair-		ila&i3-	ila(-)¹	base
ilairin		il(l)a!i3un	il(l)a!-	base
ilake-		ilak0-	ila(-)¹	base
ilaliur-		ilali(C)u3-	ila(-)¹	base
ilaliute-		ilali(C)u3-	ila(-)¹	base
ilalke-		ilal3u-		base
ilasqite-		ilal3u-		base
ilalru-		ilal3u-		base
ilanaaraq		ilanna3	ila(-)¹	base
ilangarte-		ila&&a3-	ila(-)¹	base
ilangci-		ila&ci-	ila(-)¹	base
ilaraaraq		ilaq		base
ilgar-		a&il3a3-	a&it-	base
iliq		ili!		base
illug-		i@u!-		base
ilngir-		il&i3-		base
ilquq		il0quq		base
ilu		ilu		base
ilu-		ilu-	ilu	base
ilulngu-		ilul&u-	ilu	base
ilumun		ilumun	ilu	base
ilungaq		ilu&aq	illu3(a3)	base
ilupeq		ilup03(a3)	ilu	base
iluperaq		ilup03(a3)	ilu	base
iluqliq		ilulli3	ilu	base
ilur(aq)		illu3(a3)		base
ilutak		ilutaq	ilu	base
iluteqe-		ilut0q0-	ilu	base
ima		imma		base
imanaq		iman03		base
imange-		iman0!-	ima(3)	base
imaq		ima(3)		base
imaquq		ima3ya!	ima(3)	base
imaryuk		ima3ya!	ima(3)	base
imaryaq		ima3ya!	ima(3)	base
ime-		im0-		base
imeg-		im0!-		base
imegglugte-		im0!@u!-	im0!-	base
imir-		immi3-	ima(3)	base
imlauk		imla(C)u(!)		base
imtuqar-		imtuqa3-		base
imumi		imma		base
imur(yug)-		im9u3-		base
imurpag-		im9u3-		base
imuqite-		im9u3-		base
inar-		i&&a3-		base
ineqsunarqe-		in0qyuna3-	in0q0-	base
inerqur-		in03-		base
ingcur-		i&0t-		base
ingkiq		i&ki3		base
ingleq		i&l03		base
ingleraq		i&l03aq		base
inglu		i&lu		base
inglugtun		i&lu!tun	i&lu	base
inglukiitaq		i&luk(k)ita(C)a3-	i&lu	base
ingqi-		090&qi-		base
ingqiliq		i&qili3	i&qi3	base
ingqiq		i&qi3		base
ingriq		i&3i3		base
ingte-		i&t0-		base
ingulaq		i&ut-¹		base
ingun		i&un	i&0t-	base
inguqaq		i&uqa3	i&0t-	base
ini-		ini-		base
initaq		innita3	ini-	base
inqe-		in0q0-		base
inqutaq		inqun	in0q0-	base
inuguaq		yu!u(C)aq	i&u!	base
ipegcar-		ip0!ca3-	ip0!-	base
ipgiate-		ip!it-	ip0!-	base
ipik		ipi(!)		base
ipug-		ipu!-		base
ipuun		ipu!un	ipu!-	base
iqalluaq		iqa@u!a3	iqa@uk	base
iqalluk		iqa@uk		base
iqa(q)		iqa(3)		base
iqelquq		iq0lquq		base
iqeq		iq0(3)		base
iqertaq		iqa3t0		base
iqlirpak		iqli3		base
iqmig-		iqmi!-		base
iqsak		iqla!		base
iqtu-		iq0-		base
iqu-		iqu-		base
iquk		iqqu3		base
iqute-		iqu(t0)-		base
ira(yug)-		i3a-		base
iraluq		i3aluq		base
ircaquq		i3caqu3		base
ircug-		i3cu!-		base
irelgite-		i3(0)l0!-		base
irir-		i3i3-		base
irleg-		i3(0)l0!-		base
irleke-		i3l0k0-	i3(0)l0!-	base
irliqe-		ci3@03-		base
irnerrluk		i3n03@uk		base
irni-		i3ni-	i3n03	base
irniaq		i3ni-	i3n03	base
irr’i-		i3(a)3i-	i3a-	base
irseg-		i3ya!-¹		base
iru		ni3u		base
iruluq		ni3ulu	ni3u	base
iruver-		ni3uv03-		base
iryagte-		09i3ya!(-)	09i3	base
iryuqe-		a3yuq0-	a3(0)yu-	base
issaluq		isaluq		base
issaluuq		isaluq		base
issengquq		ica-		base
isser-		uci3-		base
issuriq		isu3iq		base
itegmig-		it0!mi!-	it0!	base
itegnaq		it0!na3		base
itek		it0!-		base
iter-		it03-		base
iterneq		it03n0q	it03-	base
it’gaq		it0!a3	it0!	base
itrar-		it03a3-	it03	base
itrute-		it3ut0-	it03-	base
ituk		itu!		base
itume-		it0m0-		base
itute-		itut0-		base
ivalu		ivalu		base
ivar-		iva3-		base
iver-		iv03-		base
ivgar-		iv!a3-		base
ivrar-		iv03-		base
ivrir-		iyuv3i3-		base
ivruciq		iv3uciq	ip03-	base
ivsuk		n0pyuk		base
ivyuk		n0pyuk		base
iyukaq		i&(0)yuka3		base
kaak(a)		kaa(kaa)		base
kacete-		kat0-		base
kagaluq		ka!aluq		base
kagi-		ka!i-		base
kaig-		ka(C)0!-		base
kaiga-		kaya(!)-		base
kaime-		ka!im0-		base
kakangcaq		kaka&ca3		base
kakengcaq		kaka&ca3		base
kakave-		kakav0-		base
kakeggluk		kakki!		base
kakek		kakki!		base
kaki-		kaki-		base
kakiaq		kaki(C)a3	kaki-	base
kakegte-		kake!t0-	kakki!	base
kakilacag-		kakilla-	kaki-	base
kakin		kakkin	kaki-	base
kakingerte-		kaki&03-		base
kakiungqite-		kaki&03-		base
kakivik		kaki9vi!	kaki-	base
kakisvik		kaki9vi!	kaki-	base
kalagaq		kala!aq		base
kaleg-		kal0!-²		base
kalgun		kal0!-²		base
kalikaq		kalikaq		base
kalivneq		kal0vn03	kal0v0(t)-	base
kallagte-		ka@a!-		base
kalluk		katlu!		base
kalngak		kal&a!		base
kalug-		kalukaq		base
kalukaq	(halo)	ka&lu-		base
kalukaq	(feast)	kalukaq		base
kalurrar-		kal0!-¹		base
kal’utaq		kal0!-²		base
kaluutaq		kal0!-²		base
kalvag-		kal0v0(t)-		base
kalve-		kal0v0(t)-		base
kama(yug)-		kama-		base
kamake-		kamak0-	kama-	base
kameksak		kam0!		base
kamguk		kam0!		base
kamilar-		kamilla3-	kam0!	base
kanagaq		kana!		base
kanaknaq		kanakna3		base
kanaknak		kanakna3		base
kanar-		kana3-		base
kanayurnaq		kanayu(3)		base
kaneq		kan03		base
kangciq		ka&ci3		base
kangeq		ka&03		base
kangiq		ka&i3		base
kangiqutaq		ka&i3		base
kangiraq		ka&i3a3	ka&i3	base
kangirci-		ka&i3ci-	ka&i3	base
kangirrluk		ka&i3@u!	ka&i3	base
kangivar-		ka&iva3-	ka&i3	base
kangivarte-		ka&iva3t0(3)-	ka&i3	base
kangquq		ka&quq	ka&03	base
kangtu-		ka&tu-	ka&03	base
kanguq		ka&u3		base
kanruyauciq		kan3uyauciq	kan0q	base
kanuyaq		kannuya3		base
kapciq		kap0ci3		base
kape-		kap0-		base
kapeciq		kap0ci3		base
kapegcug(yug)-		kape!cu!-		base
kapgite-		kap0t-		base
kapia-		kapp0ya-		base
kapun		kappun	kap0-	base
kapur-		kapu3-	kap0-	base
kapute-		kapput0-	kap0-	base
kasme-		kay0m0(t)-		base
kasngu(yug)-		kay&u-		base
kassiyuq		kasiyuq		base
kassug-		katyu!-		base
kassute-		katyu!ut0-	katyu!-	base
kasvun		ka90v0(t)-		base
katag-		kata!-		base
katete-		kat0t-	kat0-	base
katngite-		kat&it0-		base
katur-		katyu3-	kat0-	base
kau-		ka!u-		base
kaug-		ka9u!-		base
kaugpak		ka(C)u!		base
kaugun		ka9(9)u!un	ka9u!-	base
kavcak		kavcak		base
kaviaq		kav(v)i(C)a3	kavi3-	base
kavirte-		kavi3-		base
kavlak		kavla!		base
kavluun		kamlu		base
kavtak		kavcak		base
kayu	(sculpin)	kayu		base
kayu-	(strong)	kayu-		base
kayunge-		kayu&0-	kayu-	base
kecete-		k0cit-		base
keggag-		k0!a!-		base
keggagcete-		k0!9a!-		base
keggan		ki!an		base
keggasek		ki!ay0!		base
kegge-		k0!0-		base
keggeve-		k0!0-		base
keggiarnaq		k0!i(C)a3	k0!0-	base
kegginaq		k0!ina3		base
kegginaquq		k0!inaqu3	k0!ina3	base
kegglaq		k0kla!		base
keggmar-		ke!ma3-	k0!ina3	base
keggmiaq		k0!mi(C)-	k0!ina3	base
keggun		k0!un	k0!0-	base
kegluneq		k0!lun0q		base
kegturyaq		k0!tu3ya3		base
keleg-		k0@0!-		base
kelig-		k0li!-		base
keligaq		k0li!a3	k0li!-	base
keligvak		k0li!va!	k0li!-	base
kellarvik		0kl03vi!	0k0-²	base
kelliq		k0tli3	k0t0-	base
kelu-		k0lu		base
keluk		k0lu!		base
keluknaq		k0luva3-	k0lu	base
keluvar-		k0luva3-	k0lu	base
keluvaq		k0luva3-	k0lu	base
kelve-		k0l(0)v0-		base
kemegnaq		k0ma!naq		base
kemek		k0m0!		base
kemgite-		k0m!it-	k0m0!	base
kemni-		k0mni-		base
kenatagun		k0nata!-	k0n03-	base
kenayuk		k0naayuq		base
kenaayuk		k0naayuq		base
keneq		0k(0)n03	0k0-¹	base
kenerte-		k0n03-		base
kengelqaq		k0nl0		base
kengla		k0nl0		base
keni-		k0ni-		base
kenimig-		k0ni3mi!-	k0ni3	base
kenimike-		k0ni3mi!-	k0ni3	base
keniq		k0ni3		base
kenir-	(point)	t0nni3-		base
kenir-	(cook)	(0)k0ni3-	0k0-¹	base
kenite-		k0nit-	k0ni-	base
kenlu		k0nlu3		base
kennge-		0k(0)n0!-	0k0-¹	base
kente-		t0n0t-		base
kenuraq		0k0nu3aq	0k0-¹	base
kenuur-		t0nu-		base
kep’alek		k0ppa3	k0p0-	base
kepe-		k0p0-		base
kepete-		k0p0t-¹		base
kepnerciq		k0pn03a3ciq		base
kepqe-		k0p0t-²		base
kerar-		0k03a3-		base
ker’aq		0k03a3		base
kesir-		k09i-		base
kessig-		k0t9i!-	k0t0-	base
ketsig-		k0t9i!-	k0t0-	base
kete-		k0t0-		base
ketgaq		k0t0!²		base
ketvar-		k0tva3-		base
keveg-		k0v0!-		base
kevgaluk		k0v!alu!	k0v!a3	base
kevgaq		k0v!a3		base
kevir-		k0vi3-		base
kevkarte-		k0p0ka3-	k0p0-	base
keyir-		k09i-		base
kiak		ki9a!(-)		base
kian		kivan		base
kiarneq		kia3n0q	ki9a3	base
kiarte-		kiya3-		base
kicaq		kica3		base
kii-	(come off as a layer)	ka!a-		base
kii-	(come off as a layer)	k09i-		base
kiiki		ki(i)		base
kiitaq		kiitaq	ka!a-	base
kilgaq		kil!aq		base
kilir-		kili3-		base
kina		ki(na)		base
kiner-		kin03-		base
kingu-		ki&u-		base
kinguk		ki&u!		base
kinguneq		ki&un03	ki&u-	base
kinguqliq		ki&uqliq	ki&u-	base
kingurarte-		ki&u3a3-	ki&u-	base
kingutmurte-		ki&utmu3-	ki&u-	base
kinguvar-		ki&uva3-	ki&u-	base
kingyar-		ki&ya3-		base
kipullegte-		kipu@0!-	kiput-	base
kipute-		kiput-		base
kirciur-		k0!i3-		base
keggirciur-		k0!i3-		base
kirta		k0!i3-		base
kita(k)		ki(i)		base
kit’e-		kit-		base
kitngik	(lowbush cranberry)	kitmi!		base
kitngik	(heel)	kit&i!		base
kitngilquq		kit&ilqu3 	kit&i!	base
kitngu-		kit&u-		base
kitur-		kitu3-		base
kituuga		kitu	ki(na)	base
kiu-		ki(C)u-		base
kiugkenak		kivakna3		base
kiumra-		ki(C)um!a- 	ki(C)u-	base
kiuryaq		ki(C)u3ya3		base
kive-		kiv0-		base
kiyarte-		kiya3-		base
kucir-		kuci3- 	kut0	base
kucuknaq		kucuka3		base
kuc’uq		kuccu3		base
kucuquq		ku9ucci3		base
kui!´t aaniit		kui!0t aaniit 	ku90!	base
kuik		ku90!		base
kuime-		ku(C)im0-		base
kuingiq		kui&iq		base
kukegte-		kuk0!-		base
kukikcak		kuki!		base
kukkuq		kuk(k)u(3)(-)		base
kuksaga-		kuk9a!-		base
kuksug-		kuk9a!-		base
kukukuaq		kukuku(C)a3		base
kukumyarar(ar)-		kukumya3-		base
kukupak		kuku!		base
kukusvak		kukiyvak		base
kukisvak		kukiyvak		base
kuma-		0kuma-		base
kumak		kuma!		base
kumakir-		kumaki3- 	kuma!	base
kumarte-		0kuma-	0k0-¹	base
kumeg-		kum0!-		base
kumkaili-		kumka(C)i3- 	kumka3	base
kumkailin		kumka(C)i3- 	kumka3	base
kumkar-		kumka3-		base
kumla-		kumla-		base
kumluq		kumlu		base
kunnaq		kunna3		base
kuta		kut0		base
kuucnaq		ku9uccin03 	ku9ucci3	base
kuugaq		kuk0!		base
kuugte-		ku(C)u(!)-		base
kuukuq		kuk(k)u(3)(-)		base
kuve-		kuv0-		base
kuvyaq		kuv9a3		base
kuya(k)		kuya!		base
kuyag-		kuya!-		base
kuyapegaq		kuyap0!a3 	kuya!	base
lagiq		la!iq		base
laqar-		al0mqa3-		base
leg-		0@0!-		base
leq		n0@03(-)		base
leqleq		neqleq		base
maaten		ma90t0n		base
macaq		maca3		base
makete-		mak0t-		base
makira-		maki3-		base
makiur-		maki3-		base
maklak		makla!		base
maksaq		maksaq		base
makta-		mak0ta- 	mak0t-	base
makugte-		mak0-		base
malig-		mali!-		base
malike-		mali!-		base
maligcuar-		mali!cua3-	mali!-	base
maligqe-		mali3q0-	mali!-	base
malirqe-		mali3q0-	mali!-	base
maligte-		mali!-		base
malirqar-		mali3q0-	mali!-	base
malleg-		ma@0!-		base
mamcaq		mallu(k)		base
mamcar-		mamca3-	mam0-	base
mame-		mam0-		base
mamlek		mam0l0!		base
mamte-		mam0t-	mam0-	base
mamteraq		mamt03a3		base
mamtu-		mamtu- 	mam0-	base
malri		mal3i		base
malruk		mal3u!		base
manaq		mana3		base
maneq		man03		base
mangag-		ma&a!(-)		base
mangarniiq		ma&aq		base
mangayaaq		ma&aq		base
mangelpag-		man0!-		base
mangengtak		ma&ta!		base
mangirre-		ma&i3-		base
mangtak		ma&ta!		base
mangyuarir-		man0!yu(C)a3-	man0!-	base
mangyaur(ar)-		man0!yu(C)a3-	man0!-	base
mani-		mani-		base
maniar-		mania3- 	mani-	base
manig-		mani!-		base
manik		manni!		base
manu-		manu		base
manuilitaq		manu&ilita3	manu	base
mangarniiq		ma&a3niiq		base
maqaq		maqaq		base
maqe-		maq0-		base
maqete-		maq0t- 	maq0-	base
maquluk		maquluk 	maqu-	base
maqulluk		maquluk 	maqu-	base
maraq		ma33a3		base
marrlugaq		0ma		base
maruara-		ma3u-²		base
martu-		ma3tu-		base
markite-		ma3tu-		base
maryarte-		ma3ya3-		base
masi-		pasi-		base
matar-		matta3-		base
matneq		matn0q		base
matngagte-		mat&a-		base
matngite-		mat&a-		base
maurluq		0ma		base
mayiteqe-		mayit0q0-		base
mayur-		mayu3-		base
mayura-		mayu3a(3)-	mayu3-	base
mayuryaraq		mayuqqaq	mayu3-	base
mecak		m0ca!		base
mecaliqaq		m0caliqaq	m0ca!-	base
mecarte-		m0ca3-		base
meceg-		m0c0!		base
meciaq		m0ci3a3	mecu(!)-	base
mecig-		m0ci!-		base
mecir(ar)-		m0ci3a3-		base
mecuq		mecu(!)-		base
mege-		m0!0-		base
megtaq		0v0!ta3		base
melek		m0l0!(-)		base
mellar-		m0@a3-		base
mellaq		m0@a3-		base
mellgar(aq)		m0tl0!		base
melnguq		m0l&u3		base
melquq		m0lqu3		base
melu-		m0lu-		base
melug-		m0lu!-		base
melugyar(aq)		m0lu!ya3 	m0lu!-	base
menge-		0m0&0(3)-	m0lu!-	base
mengla		mi&l0		base
mengqurpak		m0&quq	m0lu!-	base
mente-		m0n0t-		base
meq		0m03(-)		base
meqcir-		m0q0ci3-	m0qe-	base
meqe-		m0q0-		base
meqsartur-		meqsa3tu3-	0m03(-)	base
meqsug-		0meqyu!-	0m03(-)	base
merig-		m03i!-		base
mernuir-		m03nu3i3-	m03nu3-	base
mernur-		m03nu3-		base
mertar-		0m03ta3- 	0m03(-)	base
mer’un		0m(0)3un	0m03(-)	base
meryak		m03ya!	0m03(-)	base
metervik		m0t03vik	m0t03	base
metqe-		m0ta!-		base
metraq		m0t03		base
mianike-		mi(C)ani(k0)-		base
migpak		0m0!-		base
migtu-		0m0		base
miicir-		0mmit-		base
miite-		0mmit-		base
mike-		mik0-		base
mikete-		mik0-		base
mikli-		mik0li-	mik0-	base
miluqu-		milu3-		base
mimeq		mim03		base
mimernaq		mim03naq	mim03	base
minaq		mina3-		base
mineg-		min0!-¹		base
minek		min0!-²		base
mingqe-		mi&q0-		base
mingqun		mi&qun	mi&q0-	base
mingug-		mi&u!-		base
minuk		min0!-²		base
miryaq		mi3ya3(-)		base
miryar-		mi3ya3(-)		base
mistu-		m0ci!-		base
miskite-		m0ci!-		base
mit’e-		mit-		base
mulngaite-		mul&a-		base
mulngake-		mul&a-		base
mulu-		mulu-		base
mumeq		mum03(-)		base
mumig-		mumi!-		base
munar-		muna3-		base
munarciaq		una3ci3-		base
murqe-		mu3q0-		base
muru-		ma3u-¹		base
murugte-		mu39u!-		base
muute-		0m0t-		base
na(ni)		na-²		base
naa-		na9a-		base
naacuqe-		naacuq0-	na9a-	base
naama-		na9ama-	na9a-	base
naami		na(C)umi		base
naaneq		na(C)aneq 	na9a-	base
naanguar-		0na-		base
naaqe-		na9aq0-	na9a-	base
naate-		na9at-	na9a-	base
nacallngaq 		naca@&aq	naca3	base
nacallngaar(aq)		naca@&aq	naca3	base
nacaq		naca3		base
nacaullek		naca(C)u@0k	naca3	base
nacete-		nacit-		base
nacig-		naci!-		base
nacin		naccin	nat03	base
nagaayuq		na!aayuq		base
nagiquyaq		na!iquyaq		base
nagte-		na!0t-		base
nagtuqaq		na!tuqa3	na!0t-	base
naive-		na(C)0v0(t)-		base
nakaaq		naka3		base
nakaar-		nakka3-		base
nakacugnaq		nakacu!na3	nakacu!	base
nakacuk		nakacu!		base
naker-		nak03-		base
nakleke-		na&@0!-		base
nakmiin		na@mi(n03)		base
nakriate-		nak(0)3it-	nak03-	base
naku-		naku(3)-		base
nala-		nala-		base
nalaqe-		nataq0-		base
naleq		n0@03		base
nali(q)		nalli3	na-²	base
nalirrugte-		nalli3	na-²	base
nalke-		nalk0-	na@0-	base
nalkiik		na@0kka!		base
nall’arte-		na@a3-	na@0-	base
nalle-		na@0-		base
nallu-		na@u-		base
nallunailkutaq		na@una3ilkuta3	na@u-	base
nallunair-		na@una3i3-	na@u-	base
nalluyagute-		na@uya!ut0-	na@u-	base
nalqigte-		nalqi!-	na@0-	base
naluaq		nalu(C)a3		base
nalug-	(throw in air)	nallu!-		base
nalug-	(swim of animal)	nalu!-		base
naneq		n0n0q		base
naner-		nan03-		base
nanerpak		nan03pa!(-)	n0n0q	base
naneryaq		nan03ya3	nan03-	base
nangcar-		na&ca3-		base
nange-		na&0-		base
nanger-		na&03-		base
nangete-		na&0t-	na&0-	base
nangquq		na&qu3		base
nangru(yug)-		na&3u(3)-		base
nangteqe-		na&t03-	na&0-	base
nangugte-		na&$u!-		base
nangyar(yug)-		na&ya3-		base
nanikua-		nani-²		base
nanilliur-		nani-²		base
nanilraq		nanil3aq	nani3	base
naniq		nani3		base
nanite-		nanit-		base
nanrar-		nan3a3-		base
nanuaq		nanu3		base
nanvaq		nanva3		base
napa		napa-		base
napa-		napa-		base
napartaq		nappa3ta3	napa-	base
naparte-		nappa3-	napa-	base
naparutaq		nappaquta3	napa-	base
napataq		napata3-	napa-	base
napatar-		napata3-	napa-	base
napayuq		napa9u3	napa-	base
napete-		nap03-		base
napu		napu		base
naqa		naq9a3		base
naqir-		naq0t-		base
narcig-		na3ci!-		base
nare-		na30-		base
narite-		na3ci!-		base
narug-		na39u!-		base
narulkaq		na3u@0ka3	na3u@0!-	base
narulleg-		na3u@0!-		base
narullgute-		na3u@!ut0-		base
narulkute-		na3u@!ut0-		base
naruyaq		na3uya3		base
naryar-		na3(0)ya3	na30-	base
nas’ak		naya!		base
naspertur-		nay(0)p03tu3-	nay(0)p0t-	base
naspete-		nay(0)p0t-		base
nasqul&u-		nay(0)qul&u-	nay(0)qu3	base
nasquq		nay(0)qu3		base
nataqe-		nataq0-		base
nate-		nat0-	na-²	base
nateq		nat03		base
naternaq		nat03(a3)na3	nat03	base
natquigte-		nat0quvi!-	nat03	base
natquvigte-		nat0quvi!-	nat03	base
natquik		nat0quvi!-	nat03	base
natraq		nat03a3	nat03	base
nau-		na!u-		base
naucetaaq		na!u-		base
naucir-		na!ucci3-	na!u-	base
naumi		na(C)umi		base
naunraq		na!un3aq	na!u-	base
nauwa		na!u		base
navcuite-		navcu		base
naveg-		nav0!-		base
navgi-		nav(0)!i-	nav0!-	base
navgur-		nav!u3-	nav0!-	base
nayagaq		naya!		base
nayangar-		naya&a3-		base
nayiq		nayyi3		base
nayug-		nayu!-		base
nayur-		nayu3-		base
negaiq		n0!a3		base
negair(aq)		n0!a3		base
negaq		n0!a3		base
negcik		n0!ci!		base
negeq		n0!03		base
negiliq		n0!ila3		base
negituqar-		n0!ituqa3-		base
negte-		t0n0!-		base
negur-		n0!u3-		base
neguyaq		n0!uya3		base
neka(yug)-		n0ka-		base
nek(e)ve-		n0k0v0(t)-		base
nekevraartuq		n0k0v3aa3tuq	n0k0v0(t)-	base
kevraartuq		n0k0v3aa3tuq	n0k0v0(t)-	base
nekva-		n0k0v3a-	n0k0v0(t)-	base
nekvayar-		n0kva3-	n0k0v0(t)-	base
nel’a		k0nl0		base
neleq		n0@03-		base
neliaq		0nli(C)a3		base
nelnguq		n0l&u(3)-		base
nemeq		n0m03(-)		base
nemeryaq		n0m03ya3	n0m03(-)	base
neneq		n0n0q		base
nengar-		n0&(&)a3-		base
nengauk		n0&a(C)u!		base
nenge-		n0&0-		base
nengiq		n0&i3		base
nengla		n0&0(t)-		base
nenglar-		0&la3-		base
nenglla		n0&0(t)-		base
nenglli-		n0&0(t)-		base
nengllir-		n0&@03-	n0&0(t)-	base
nengsuq		n0&yu3		base
nengugte-		n0&u!-	n0&0-	base
nengulraq		n0&ul03-	n0&0-	base
nengulra-		n0&ul03-	n0&0-	base
nepa		n0p0		base
nepaite-		n0p´&it-	n0p0	base
neplir-		n0pli3-	n0p0	base
nepsenarqe-		n0p0tya(3)-	n0p0t-	base
nep(e)te-		n0p0t-		base
neqa		n0q0		base
neq’ake-		0nqa(3)-		base
neq’ar-		0nqa(3)-		base
neqcaq		ne3ca3		base
neqleq		n03l03		base
neqliur-		n0qli(C)u3-	n0q0	base
nequtu-		n0qu-		base
nere-		n030-		base
neresta		n030sta	n030-	base
neresvik		n0309vi!	n030-	base
nerevkar-		n030vka3-	n030-	base
nerilkar-		n03il0!-		base
nerqe-		n03q0-	n030-	base
neruvailitaq		t03u		base
neruver-		n03uv03-		base
neryar-		n03ya3-	n030-	base
nerliyar-		n03ya3-	n030-	base
neryuniur-		n03yu(!)-		base
neve-		n0v0-		base
never-		n0v03-		base
neviarcaq		n0vi(C)a3		base
nevirte-		n0(C)u3-		base
nevkuq		n0vku		base
nevluk		n0v0lu!	n0v0-	base
nevuq		n0v9u3		base
ngel’a		k0nl0		base
ngel’ar-		0&la3-		base
ngel’u		0&lu		base
nel’u		0&lu		base
ngillar-		ni(i)@a3-		base
niicugni-		na!acu!ni-	na!a(t)-	base
niig-		0&i!-		base
niite-		na!a(t)-		base
nillaq		ni(i)@a3-		base
nillar-		ni(i)@a3-		base
ninite-		nuna&it0-	nuna	base
nipe-		n0p0-		base
nirar-		ni3a3-		base
niugte-		n0pu!-	n0p0	base
nivuk		n0pu!-	n0p0	base
nuak		nuva!		base
nucug-		nuccu!-		base
nuge-		nu!0-		base
nugtarte-		nu!0t-		base
nugyaraq		nu!ya3aq	nu!0-	base
nuik		nu!i3		base
nuiq		nu!i3		base
nukalpiaq		nukalpi!a3		base
nukaq		nuka3		base
nukar(aq)		nuka3a3	nuka3	base
nuki-		nuk0!		base
nuleg-		nul0!-		base
nulgair-		nul!a3i3-		base
nuliaq		nuli3(a3)		base
nuliarir-		nulia3(a3)i3-	nuli3(a3)	base
nulirrir-		nulia3(a3)i3-	nuli3(a3)	base
nulirqellriik		nuli(3)aq0l3iik	nuli3(a3)	base
nulirrniar-		nuli3(a3)nia3-	nuli3(a3)	base
nulirtur-		nuli3(a3)tu3-	nuli3(a3)	base
nullu		nu@u(3)		base
nulte-		nulqa3-		base
nulur(ar)-		nulu3(a3)-		base
nuna		nuna		base
nunallite-		nunalit-	nuna	base
nunaniq		nunanni3-	nuna	base
nunate-		nunat0-	nuna	base
nungirte-		nu&i3t0-		base
nungirta		nu&i3t0-		base
nungute-		nunu(3)-		base
nuni-		nunni-	nuna	base
nunite-		nuna&it0-	nuna	base
nuniate-		nuna&it0-	nuna	base
nunur-		nunu3-		base
nuqaq		nuq9a3		base
nuq(e)te-		nuq0t-		base
nuraq		nu33a3		base
nurr’aq		nu3a3(a3)		base
nurte-		0nu3-		base
nutaan		nutaan	nuta3a3-	base
nutaraq		nuta3a3	nuta3-	base
nuteg-		nut0!-		base
nutem		nut0m		base
nutngar-		nut&a3-		base
nuuk		nuvu!		base
nuuniq		nuuniq		base
nuvak		nuva!		base
nuve-		nuv0-		base
nuvuk		nuvu!		base
nuyaq		nuya3		base
nuyuite-		nuyu!it-	nuyu!-	base
nuyurrite-		nuyu!it-	nuyu!-	base
nuyurtar-		nuyu!-		base
paallag-		pa&a@@a!-		base
paame-		pa(C)um0(t)-		base
paanger-		pa&03-		base
paangrun		pa&03un	pa&03-	base
pacete-		pat0t-		base
paci(ke)-		paci-		base
pacik		maci!		base
pacnaq		pac0t0-		base
pagaq		0pa!		base
pai		pa90-		base
pai-		pa!i-		base
pair-		0ppai3-		base
pairsaag-		pa903ca3-	pa903-	base
pairte-		pa903-		base
paitaq		pa!it0-	pa!i-	base
paivte-		pa(C)0vt0-		base
pakegte-		pak0!-		base
pakig-		paki!-		base
pakiur-		paki(!)u3-	paki!-	base
pakluk		pavlu		base
palar-		pala3-		base
palirte-		pali3-		base
pall’itaq		patlita3		base
palu-		palu-		base
palur-		pallu3-		base
palurtaq		palu3ta3		base
pama-		pama-		base
pamesquq		pamyu3		base
pamyuq		pamyu3		base
panaq		pana		base
pangaleg-		pa&al0!-		base
pangquussiig-		paq0t-		base
panik		pani!		base
pap’a		ap(p)a²		base
papsalquq		pap0!		base
papsi-		pap9i-		base
papsike-		pap9i-		base
paq(e)te-		paq0t-		base
paqna(yug)-		paqna-		base
paqrite-		paq3it0-		base
paquussiig-		paq0t-		base
paquussaag-		paq0t-		base
partak		pa3t0(3)		base
parteraq		pa3t03a3	pa3t0	base
paruq		pa3uq		base
pasi-		pasi-		base
patag-		patta!-		base
pateg-		pat0!-		base
pateq		pat03		base
patqar-		patqa3-		base
patsaqar-		pac0t0-		base
patu		matu(-)		base
patuggluk		patu!		base
patuir-		matu&i3-		base
paug-		pa!u!-		base
paulaq		pa!u(la)		base
paume-		pa(C)um0(t)-		base
paunraq		pa!un3a3		base
pavig-		pavi!-		base
payiq		pa(C)i3		base
pay’u-		pay(y)a(!)-		base
payugte-		payu!-		base
peggar-		p0!0!a3-		base
pegnem		p0!n0m		base
pegte-		0p0!-		base
peke-		p0k0-		base
pekara-		p0k0-		base
pekete-		p0k0t-	p0k0-	base
peksallag-		p0kya!-	p0k0-	base
peksuq		p0kyu		base
pekutaq		p0kutaq		base
pel’i-		p0llicci-		base
pella-		0pla-		base
peller(yug)-		0pl03-		base
pellug-		p0tlu!-²		base
pellukutaq		p0@u		base
pellumrun		p0@u!-		base
peluq		p0lu(3)		base
penaiq		0pna3i3	0pna3-	base
penaq		0pna3-		base
penge-		p0t!03-		base
pengeg(yug)-		p0&0!-		base
pengraliq		p03&aliq	p030-	base
penguq		p0&u3		base
peqlirte-		p0qli3-		base
pequq		p0ku(!)		base
pere-		p030-		base
perrir-		0p3i3-		base
perr’ite-		0p3i3-		base
perrleqciir(ar)-		p03@00		base
perte-		p030t-	p030-	base
petengtaq		m0t0&taq		base
petengte-		m0t0&@0(3)-		base
petgar-		p0t!03-		base
petgeq		p0t!03-		base
pet’ngallaq		m0t0&taq		base
pet’nge-		m0t&03-		base
petenge-		m0t&03-		base
petug-		p0tu!-		base
peyug-		piyu!-		base
pi-		pi(-)		base
piciatun		piciatun	pici3	base
piciq		pici3		base
piginaq		pi!inaq		base
piineq		pi!in03		base
piir-		piiyaq-	pi(-)	base
piirag-		pi9a!-		base
piirraq		pi39a3-		base
piite-		pi&it-	pi(-)	base
pikaq		pik9a3	pi(-)	base
pike-		pik0-	pi(-)	base
pilag-		pila!-		base
pilagtur-		pila!tu3-	pila!-	base
piluaqar-		pi(t)lu(C)a3-	pi(-)	base
pillugte-		pi@u!-	pi(-)	base
piluguk		pilu!(u!)-		base
pingayun		pi&ayut		base
pingcir-		pimci		base
pinguar-		pi&&u9a3-	pi(-)	base
piniate-		pinni3it-	pinni3-	base
piniqe-		piniq0-	pinni3-	base
pinir-		pinni3-		base
pinqegte-		pinqi!-	pi(-)	base
piqer-		0piqa3-		base
piqertuutaq		0piqa3uta3	0piqa3-	base
piqrutaq		0piqa3uta3	0piqa3-	base
piqrun		0piqa3uta3	0piqa3-	base
pircir-		pi3ci3-	pi3tu3	base
pirlak		pi3la!		base
pirta		pi3tu3		base
pirtuk		pi3tu3		base
pirtuqciraq		pi3tu3ci3a3		base
pisqun		pi9qun	pi(-)	base
pissur-		pisu3-	pi(-)	base
pitaq		pita3	pi(-)	base
pitaqe-		pita3	pi(-)	base
pit’e-	(rise)	pit0-¹	pi(-)	base
pite-		pit0-²	pi(-)	base
pit’e-	(catch game)	pit0-²	pi(-)	base
piteg-		pit0!-		base
pitegcaraq		pit0!ca3-	pit0!-	base
pitegcaun		pit0!ca3-	pit0!-	base
piu-		pi&u-²	pi(-)	base
piug-		piyu!-		base
pivake-		pivak0-	pi(-)	base
pivik		pi9vi!	pi(-)	base
piyaraite-		pi9aq0&it-	pi9aq0(na3)-	base
piyua-		piyu!-		base
pualla		puva@a		base
pucikar-		puci-		base
pugci-		pukcinnaq-		base
puge-		pu!0-		base
pugneq		pu!(0)n03	pu!0-	base
pugta-		pu!ta-	pu!0-	base
pukiq		puki3		base
pukite-		pukit-		base
pukug-		puku!-		base
pula-		pula-		base
pulaar(ar)-		pula(C)a3-	pula-	base
pulengte-		pul0&t0-		base
punerte-		pun03t0-		base
pupik		pupi!		base
pupingqua-		pupi&qu3-		base
pupsug-		pumyu!-		base
pupsulek		pumsul0k	pumyu!-	base
puqiate-		puqi&it-	puqi!-	base
puqig-		puqi!-		base
puqla-		puqla		base
put’e-		put-		base
putu-	(make hole)	putu(-)¹		base
putu	(dance)	putu(-)²		base
putukuq		putuku3		base
puugtuyuli		mu!tu(yu)li(q)		base
puukar-		puvuk(k)a3-	puvu!-	base
puve-		puv0-		base
puveltuk		puv0ltu		base
puvsaq		puvya3		base
puya-		puya-		base
puyuq		puyu3		base
puyuqe-		puyuq0-	puyu3	base
puyuraar(aq)		puyu3naq	puyu3	base
puyurniq		puyu3naq	puyu3	base
puyurnaq		puyu3naq	puyu3	base
qaaryak		qa(C)a3ya3		base
qac’ag-		qac(c)a!-		base
qacagte-		qacu-		base
qacarte-		qaca3-		base
qacelli-		qac0li-		base
qaci-		qat0		base
qacu-		qacu-		base
qagan		qa!an		base
qager-		qa!03-		base
qagingiiq		qa!i&&i3		base
qaglak		qa!la(k)		base
qai-		qa90-		base
qailir-		qa!0li3-	qa!0(3	base
qaillun		qa(y)it0-	qayu(q)	base
qaiq		qa!0(3)		base
qaite-		qa(y)it0-	qayu(q)	base
qaivar-		qa9va3-	qa90-	base
qakegte-		qak5u!aun	qak0-	base
qakerci-		qak03ci-	qak03-	base
qakete-		qak0-		base
qaklite-		qak0-		base
qaki-		qak0(3)-		base
qakiiyaq		qakiiyaq		base
qakite-		qakkit-	qak03	base
qaku		qaku		base
qakurnaq		qaku3na3	qaku3-	base
qakvar-		qa!va3-		base
qalarte		qal03-		base
qaliq		qali3	qa90-	base
qaliqaq		qaliqa3	qa90-	base
qalirneq		qa90li3-	qa90-	base
qaliruaq		qali3u9a3	qa90-	base
qalla(te)-	(boil)	qa@a-¹		base
qallaciq		qa@aci3		base
qallate-	(talk)	qa@a-²		base
qalleq		qa@03		base
qallin		qatlin		base
qalliq		qa9li3	qa90-	base
qalluvak		qa@0vak		base
qalmar-		qalma3-		base
qalqapak		qalqa		base
qalqerayak		qalqa3ayaq		base
qalrir-		qal03-		base
qalru		qal3u		base
qaltaq		qalta3		base
qalu		qalu(-)		base
qalugyaq		qalu!ya3		base
qalun		qallun	qalu(-)	base
qama-		qama-		base
qamangaq		qam0&a3		base
qamauk		qama(C)u!		base
qame-		qam0-		base
qamigar-		qami!a3-		base
qamite-		qamit0-		base
qamte-		qam0t-	qam0-	base
qamur-		qamu3-		base
qamurar-		qamu3a3-	qamu3-	base
qanak		qana!		base
qanemci-		qan0mcu!	qan03(-)	base
qaneq		qan03(-)		base
qaner-		qan03(-)		base
qanganaq		qa&anaq		base
qanganaruaq		qa&ana3uaq	qa&anaq	base
qangiar(aq)		qa&i!a3		base
qanglluk		qa&@u(3)		base
qangqur-		qa&qu3-		base
qangvaq		qa&vaq	qa&a	base
qani-		qani-		base
qanir-		qanni3-	qani!	base
qanitaq		qanit(t)a3	qani-	base
qanli-		qanli-	qan0t-	base
qanrute-		qan3ut0-	qan03(-)	base
qantaq		qanta3		base
qante-		qan0t-		base
qanuk		qani!		base
qapiar-		qapi3-		base
qapila(a)q		qapilaaq		base
qap’ite-		qappit-		base
qapuk		qapu!		base
qaqaq		qaq9a3		base
qaqite-		qaqit0-		base
qaquq		qaqu(3)		base
qara-		qa3a-		base
qaraliq		qa3a		base
qarute-		qa3ut0-		base
qasaq		qasa3-		base
qasar-		qasa3-		base
qasgiq		qa9!i		base
qaskite-		qat0kit-	qat0	base
qaspeq		qasp0q	qa90-	base
qasqite-		qa9qa3		base
qasruliq		qa903ul0!	qa903u(3)	base
qasruq		qa(C)03u(3)		base
qassarte-		qac(c)a!-		base
qastu-		qat0		base
qasuuciaq		qayu3uta3	qayu3	base
qatek		qat0!		base
qater-		qat03-		base
qatli-		qac0li-		base
qatngite-		qat&u3-		base
qatngun		qat0&&un		base
qatviaq		qatviaq		base
qa¥eq		qave!a!		base
qa¥iiq		qave!a!		base
qa¥yaq		qaveya3		base
qaunqe-		qa(C)una!-		base
qauq	(forehead)	qa!u3		base
qauq	(head sore)	qa(C)u3-		base
qauraq		qa!u3		base
qavanguq		qava&uq	qava3-	base
qavar-		qava3-		base
qavarni-		qava3ni-	qava3-	base
qavarvik		qava3vik	qava3-	base
qavcicuaq		qavcicuaq	qatvi!	base
qavcik		qatvi!		base
qavcin		qavcit		base
qavirte-		qavi3-		base
qavlunaq		qavlunaq		base
qavluq		qavlu(3)		base
qavyurte-		qavyu3t0-		base
qayaga-		qaya!-		base
qayagpag-		qaya!-		base
qayaq		qaya3		base
qayartur-		qaya3tu3-	qaya3	base
qayemgu		qay0m!u		base
qayigsaq		qa9i!ya3		base
qayigyar		qa9i!ya3		base
qayumi		qayu(q)		base
qayuq		qayu3		base
qayutun		qayu(q)		base
qayuwa		qayu(q)		base
qecaruaq		q0ca3u(C)a3		base
qeceg-		q0t0!-		base
qecik		q0ci!		base
qeciq		q0ci3(-)		base
qecnge-		q0t0!-		base
qecngerte-		q0t0!-		base
qecug-		q0c(c)u!-		base
qecuqite-		q0cuqit0-		base
qela		q0la-²		base
qelanernarqe-		q0lan03(a3)-	q0la-¹	base
qelapegte-		q0la-¹		base
qelcaq		qa90!-		base
qelcavak		qa90!-		base
qelengllak		q0@0&@ak	q0@0!-	base
qelengte-		q0l0!-		base
qelluq		0qlu		base
qellur-		q0@u3t0-	0q0-¹	base
qelqecir(ar)-		qa3al03-		base
qelquaq		q0lqu9a3		base
qelta		qalt0		base
qelu-		q0lu-		base
qemag-		q0ma!-		base
qemak		q0ma!-		base
qemeryaq		q0m03ya3		base
qemiq	(hill)	q0mi3¹		base
qemiq	(float line)	q0mi3²		base
qemirrluk		q0mi3@u!	q0mi3¹	base
qemite-		q0mit-		base
qena-		q0na-		base
qenarqe-		0q0-²		base
qenercinrraq		q0n03ci3		base
qenerte-		q0n03-		base
qengallek		q0&al0!	q0&a3	base
qengaq		q0&a3		base
qengaraq		q0&a3a3	q0&a3	base
qengaruk		q0&a3$uk	q0&a3	base
qengaryak		q0&a3yak	q0&a3	base
qenguq		q0&u(3)		base
qenu		q0nu		base
qep’ag-		0q0t-	0q0-¹	base
qepyun		q0p0-		base
qep’sun		q0p0-		base
qerar-		0k03a3-		base
qer’aq		0k03a3		base
qerarun		q03a3un	q03a3-	base
qerrarun		q03a3un	q03a3-	base
qercua-		qi30-		base
qercurpak		qakcu3-	qak0(3)-	base
qerkite-		0k03(tu)-		base
qerqaaller(aq)		qaaqtuq-		base
qerqaq		q0t0k		base
qerqauq		qaq9a3		base
qerra-		q03a3-		base
qerratarte-		q03a3-		base
qerraleryug-		qa3al03-		base
qerrircete-		q03i3-		base
qerrircar-		q03i3-		base
qerrler-		q03@03-		base
qerrluk		qaqlu!		base
qerrsig-		qa3ya		base
qerru-		qi3u-		base
qerruarte-		q03u(C)a3te-		base
qerrulliik		qa3u@i!		base
qerruq		qa39u3		base
qerrur-		q03u3-		base
qerruyanarqe-		qi3uya-	qi3u-	base
qerruyaq		qi3uya-	qi3u-	base
qerruyak		qi3uya-	qi3u-	base
qertu-		0k03(tu)-		base
qertuneq		q03tun0q		base
qessa-		0q(0)ya-		base
qessake-		0q(0)yak0-	0q(0)ya-	base
qes’un		0q0t-	0q0-¹	base
qet’e-		0q0t-	0q0-¹	base
qetek		q0t0k		base
qeter-		q0t03		base
qetrar-		qi30t03-	qi30-	base
qerretrar-		qi30t03-	qi30-	base
qetunraq		q0tun3a3		base
qetute-		q0tut-		base
qevler-		q0vl03-		base
qevte-		q0v0(t)-		base
qeya-		qi9a-		base
qeyu-		qiyu(!)(-)		base
qia-		qi9a-		base
qiaq		qi(C)a3		base
qiaryar		qa(C)a3ya3		base
qigcig-		qikci!-	qik0-¹	base
qiguiq		qi!uiq		base
qiilerte-		qi(C)0li3-	qi(C)0t-	base
qiiq		qi903		base
qiive-		qiv0(3)-		base
qikar-		qika3-		base
qikcug(yug)-		qik0-¹		base
qikertaq		qik03ta3		base
qikiq		qika3-		base
qikmiruaq		qikmi(C)u9a3	qikmi3	base
qiku		qiku		base
qilag-		qila!-		base
qilagaq		qila!a3	qila!	base
qilaggluk		qila!@u!	qila!	base
qilagmiutaq		qila!mi(C)uta3	qila!	base
qilak		qila!		base
qilangaq		qila&&a3		base
qillerneq		qi@03n03	qi@03-	base
qillerte-		qi@03-		base
qillerutair-		qi@03uta3i3-	qi@03-	base
qilug-		qilu!-		base
qiluq		qilu		base
qimag-		qima!-		base
qimug-		qimu!-		base
qimugte		qimu!t0	qimu!-	base
qinerte-		qin03-		base
qingaq		qi&&a3-		base
qingirte-		qi&i3-		base
qinike-		qi&i3-		base
qinkiq		qinki(q)		base
qinu-		qinu-		base
qinuite-		qinu(C)it-	qinu-	base
qinurqe-		qinu3a3-	qinu-	base
qip’aq		qip9a3	qip0-	base
qipe-		qip0-		base
qisserte-		qisiq		base
qiste-		qi(C)0t-		base
qitevte-		qit0v0(t)-		base
qitngir-		qit&i3-		base
qiu-		qiyu(!)(-)		base
qiuq	(blueberry)	qiyu(!)(-)		base
qiuq	(rock)	qi!u3		base
qiur-		qi!u3-		base
qiurliq		qiyu(!)(-)		base
qiugliq		qiyu(!)(-)		base
qiuryaq		ki(C)u3ya3		base
qivir-		qivi3-		base
qivru-		qiv3u-		base
qivyuq		qivyu(3)		base
quagciq		quv0!ci(q)		base
quaguk		qu(C)a!9u!		base
quagulek		qu(C)a!9ul0!	qu(C)a!9u!	base
quaq		qu(C)a3		base
quarnaq		qu(C)a3		base
quarruuk		qu!9a3utnaq	qu!9a3-	base
quarta	(anal itch)	qu!a3ta(3)		base
quarta	(cataract in eye)	quv03t0		base
qucak		quca!-		base
qucag-		quca!-		base
qugarruuk		qu!9a3-		base
qugautnaq		qu!9a3utna3	qu!9a3-	base
qugcuaqer-		qu&lu!-		base
qugtuqaq		qu!tuqa3		base
qugyuk		qu!9u!		base
quinag(yug)-		qu!ina!-		base
qukaq		quka3		base
qukaqliq		qukaqliq	quka3-	base
qukir-		quki3-		base
qukvir-		qukvi3-		base
qulair-		qul0&i3-	qul0-	base
qule-		qul0-		base
qulen		qul0(t)	qul0-	base
qulig-		quli!-		base
quliq		quli3	qul0-	base
quliraq		quli3a3-		base
qulliq		qulli3	qul0-	base
qulngunritaraan		qul0&&u3ut0&it-	qul0-	base
qulugte-		qulucuk		base
qulungnaq		quluk		base
qulvar-		qulva3-	qul0-	base
qumaq		quma(3)		base
qumik		qumi!-		base
qungate-		qu&at0-		base
qungcur-		qu&cu3-		base
qunguq		qu&u3(-)		base
qunguturaq		qu&utu3aq		base
qungyar-		qu&ya3-		base
qunik		quni!		base
qunu-		qunu-		base
qupa		quppa3	qup0	base
qupanuar(aq)		qupan(n)u(C)a3		base
qupe-		qup0-		base
qup’luq		qup0@3u3		base
qupneq		qupn03	qup0-	base
qurrasqite-		qurre-		base
qurrasqinarqe-		qu3asqit-		base
qurre-		qu30-		base
qurrlugtaq  		qu3lu3ta3	qu3lu3-	base
qurrlur-		qu3lu3- 		base
qurrmar- 		qu3(03)ma3-	qu30-	base
qurrsuun		qu30-		base
qurrun		qu3un 	qu30-	base
quser- 		quy03-		base
qusngiq 		quy&iq		base
quyngiq		quy&iq		base
qusuuq		quyuuq 		base
qusva(yug)- 		quvya(yu!)-		base
quta		qut0		base
qutug-		qutu!-		base
qutuk		qutu(!)		base
quya-		quya-		base
quyana		quyana3	quya-	base
quu-		qu9u-		base
quuk		0q9u!-		base
quuleq		qu!0@03-		base
quuleciraq		qu!0@03-		base
quulerte-		qu!0@03-		base
quumig-		qu9umi!-	qu9u-	base
quunaq		qu!0@03-		base
quuneq		qu!(0)n0q		base
quuruq		qu9uqu3	qu9u-	base
quutaar-		qu9u-		base
quuyurni-		qu&uyu!-		base
quve-		quv0-		base
quverta		quv03t0		base
quyig-		qul9i!-	qul0-	base
sarsa-		ca3sa(q)		base
carca-		ca3sa(q)		base
segg’ar-		0s!a3(a3)-	090	base
suugi-		0su!-		base
suyute-		cu9(9)u-		base
cuyute-		cu9(9)u-		base
taamlek		ta(a)mlek		base
taangaq		taa&aq		base
taarri-		taa(3a)3i-		base
taavtaaq		ta(a)vtaaq		base
tavtaaq		ta(a)vtaaq		base
taayug(yug)-		tayu(!)-		base
tacellgaq		tat0@!a3		base
tacestu-		tat0		base
taciq		taci3		base
tagci-		ta!ci-	ta!0-	base
tagtaq		ta!ci-	ta!0-	base
tage-		ta!0-		base
tai-		ta!i-		base
taima		ta9im(m)a		base
taiq		ta90!-		base
taituk		ta!0tu!		base
taivkar-		taivka3-		base
takaneq		taka3-¹		base
takar-		taka3-²		base
take-		tak0-		base
taklar-		takla3-	tak0-	base
takli-		tak0li- 	tak0-	base
taku		takku	taku-	base
taku-		taku-		base
takumcu(yug)-		takumcu!- 	taku-	base
takuyar-		takuya3- 	taku-	base
takvik		takvi!-		base
talaariq		talaa3´		base
talineq		talin0q 	talu	base
talirneq		tali3- 	talu	base
talite-		talit- 	talu	base
tallegte-		ca@i!-¹		base
talliman		ta@@imat		base
talliq		ta@i3		base
talliquq		ta@iqu3 	ta@i3	base
tallirpik		ta@i3pi!	ta@i3	base
tallur(yug)-		ta@u3-		base
talu		talu		base
talur-		talu3-		base
talu-		talu3-		base
talurte-		tali3- 	talu	base
taluyaq		taluya3		base
tamalkur-		tama3-		base
tamar-	(all)	tama3-		base
tamar-	(lose, be lost)	tamma3-		base
tamiini		tama&ani 	tama3-	base
tamlag-		talma!-		base
tamlu		tamlu		base
tamlurun		tamlu3un	tamlu	base
tamu-		tamu3-		base
tane-		tan0!-		base
tanegte-		tan0!-		base
tanem		tan0m		base
tangeq		ta&03		base
tan’geq		ta303n03 	ta303(-)	base
tan’ger-		ta303n03	ta303(-)	base
tan’gerliq		ta303n03	ta303(-)	base
tangerr-		ta&03-		base
tangevkayak		ta&03		base
tangluq		ta&lu3		base
tan’gurraq		tan!u3aq		base
tangviarrluk		ta&03		base
tanqig-		tanqi3		base
tanukar-		tan0!-		base
tapeq		tap03(-)		base
taperrnaq		tap(0)3a3naq 	tap3a3¹	base
tapete-		tap0t-¹ 	tap03(-)	base
tapraq	(rope)	tap3a3¹		base
tapraq	(spit of land)	tap3a3²		base
taqe-		taq0-		base
taqeq		taqa3		base
taqmak		taqmak		base
taqte-		taq0-		base
taqmigte-		taq0-		base
taquaq		taqu(C)a3		base
taqukaq		taqukaq		base
taquq		taquq		base
tarenraq		ta3(0)n03		base
tarnaq		ta30n0q		base
tarneq		ta3(0)n03		base
tarperaq		pa3t03a3 	pa3t0	base
tarranqegte-		ta3a3-		base
tarrarte-		ta3a3-		base
tarrite-		ta3a3-		base
tartuq		ta3tu		base
taru		ta3u		base
taryaqvak		ta3yaqva!		base
taryuq		ta3(0)yu3		base
tass’uqe-		tatyu3-		base
tastur-		tat(0)tu3- 	tat0-	base
tatame-		tatam0(t)-		base
tatangquq		nata&qu3		base
tatek		tat0k		base
tatkik		tat0k0	tat0-	base
ta¥a		ta9va		base
ta¥ken		ta!wak´n 	ta9va	base
tavci		tavci		base
tayarneq		taya3n03		base
tayima		ta9im(m)a		base
taima		ta9im(m)a		base
tegak		t0!!a!		base
teggalquq		t0!alquq		base
tegalquq		t0!alquq		base
tegge-		t0!0!-		base
tegg’i-		t0!0!-		base
tegleg-		t0!@0!-		base
tegu-		t0!u-		base
teguaq		t0!u9a3 	t0!u-	base
tegumiaq		t0!um(m)i(C)a3 	t0!u-	base
tegun		t0!!un 	t0!u-	base
tek’ar-		t0(k)ka3- 	t0!u-	base
tekeq		t0k03		base
tekiq		t0k90(3)		base
tekite-		t0kit-		base
teki(y)ute-		t0ki9ut0-	t0kit-	base
tellumrun		p0@u!-		base
temci(ke)-		t0mci-		base
teme-		t0m0-		base
tem’iq		t0m(m)i3-		base
tem’irte-		t0m(m)i3-		base
temli-		0t0mli-		base
tengak		t0&a!		base
tengayuk		t0&ayu!	t0&a!	base
tenge-		t0&0-	t0&0-	base
tengelraq		t0&0@3a3 	t0&0-	base
tengluk		t0&lu!(-)		base
tengmiaq		t0&mi(C)a3 	t0&0-	base
tengru-		t0&3u-		base
tengte-		t0&0t-	 t0&0-	base
tenguk		t0&u!		base
tenguqe-		t0&uq0-		base
tepa		t0p0		base
tep’aq		t0p9a3 	t0p0-	base
tepe-		t0p0-		base
tepli-		t0pli		base
teptukuyuq		t0ptukuyaq 	t0p0	base
teq		0t03		base
teqiyaar(aq)		t0kiyaq		base
teqirayuli		t0kiyaq		base
teqsuqaq		teqsuqaq 	0t03	base
teq’uq		0t0qu3- 	t03i!	base
teriaq		t03i!a3 	t03i!	base
teriir-		t03i(C)a3- 	t03i!	base
terikaniaq		t03ikanni(C)a3 	t03i!	base
terlak		0t03la!	t03i!	base
tertuli		0t03tuli(q) 	t03i!	base
teru		t03u		base
teruluk		t03u		base
teruvailitaq		t03u		base
teve-		0t0v0-		base
tevir-		t0vi3-		base
tevuq		t0vu(q)		base
tevvaar-		t0vvu!-		base
tevyaraq		0t0vya3a3 	 0t0v0-	base
tua-i		ta9va		base
tuar		ta9va		base
tuaten		ta!wat0n 	ta9va	base
tuatna-		ta!wat0n 	ta9va	base
tuavte-		tu(C)av0(t)-		base
tugeq		tu!03(-)		base
tuger-		tu!03(-)		base
tugkar(aq)		tu!0ka3(a3) 	tu!03(-)	base
tukaate-		tuka(3)-		base
tukar-		tukka3-		base
tuker-		tuk03-		base
tukni-		tukni!-		base
tukullek		tuku(q)		base
tukuq		tukku(3)		base
tulag-		tula!-		base
tuliik		tu9i!		base
tulimaq		tulima3		base
tulukaruk		tulika3		base
tuluq		tulu3-		base
tulur-		tulu3-		base
tuluryaaq		tulu3ya3 	tulu3-	base
tuma		tum0		base
tumag-		tuma!-		base
tumagliq		tuma!-		base
tumak		0t0ma!		base
tumarte-		tuma3-		base
tum’arte-		tum9a3- 	tum0	base
tumci-		tum0ci- 	tum0	base
tumnaq		tum0na3		base
tune-		tun0-		base
tunertu-		tun03-		base
tungcirtur-		tu&ci3-		base
tunge-		tu&0-		base
tungeq		tu&03		base
tungliq		tu&(0)li3 	tu&0-	base
tungmarte-		tu&va3-		base
tungu-		tu&u-		base
tungyur		tu&yuq		base
tuntu		tuntu		base
tunturyuk		tuntu39u! 	tuntu	base
tuntuvak		tuntuva! 	tuntu	base
tunu-		tunu		base
tunucuk		tunucu! 	tunu	base
tunullek		tu(u)tl0!		base
tunuq		tunnu3		base
tunute-		tunut-	tunu	base
tunuvar-		tunuva3- 	tunu	base
tupag-		tupa!-		base
tupig-		tupi3-		base
tupirtaarute-		tupi3-		base
tup(e)ke-		tup0k0-		base
tuqluq		tuqlu(!)		base
tuqlur-		tuqlu3- 	tuqlu(!)	base
tuqmik		tuqmik		base
tuqu-		tuqu(-)		base
tuqunarqe-		tuquna3- 	tuqu(-)	base
tuqute-		tuqut- 	tuqu(-)	base
turquq		tuqlu(!)		base
turtuqaq		tuqlu(!)		base
tusek		tuy0		base
tusnga-		tut&a-	tut-	base
tuss’araq		tutya3(a3)	tut-	base
tussite-		tutya!at-		base
tus’un		tut-		base
tut’e-	(arrive)	tut-		base
tut’e- 	(step on)	tut0-		base
tuteg-		tut0!(-)		base
tutemqaq		tutm0qa3 	tut0-	base
tutmar-		tutma3- 	tut0-	base
tutsaraq		tutya3(a3)	tut0-	base
tuullek		tu(u)tl0!		base
tuunraq		tu!0n3a3		base
tuunri-		tu!0n3i- 	tu!0n3a3	base
tuusiik		tu9i!		base
tuuskayar-		tucila3-		base
tuutaq		tu(C)uta3		base
tuvqa-		tuve3a3		base
tuvte-		tup0t-		base
tuyek	(snipe)	tu9i!		base
tuyek	(shoulder)	tuy0		base
tuyur-		tuyu3-		base
uakner		u!akna3		base
uame-		u9a(t)-		base
uan		u!an		base
uaqliq		u!al(l)i3	u!an	base
uaqnaq		u!akna3		base
uassiaq		u(!)a(t)saq	u!an	base
uci		uci		base
uciar-		uci(C)a3- 	uci	base
uciir-		uci&i3- 	uci	base
ucluryaq		ul0(t)luya3		base
ucuk		ucu!		base
ucuqe-		ucu3-		base
¥asqite-		qu3a(yaqit)-		base
¥ayar-		ivaya3-	iva3-	base
uginaq		u!inaq		base
ugtaq		u!taq	u!0t-	base
ugte-		u!0t-		base
uguguaq		u!u!uaq 	u!9u!	base
ugugnaraq		u!9u!na3 	u!9u!	base
uicungaq		uicu&aq		base
ui		u!i		base
uig-		u90!-		base
uigtua-		u90!tu3- 	u90!-	base
uilgaq		u!il!a3- 	u!i	base
uiluq		uvilu3		base
uinge-		u!in0!- 	u!i	base
uinguaq		u!i&(&)u9a3 	u!i	base
uingusaq		u!i&(&)u9a3 	u!i	base
uirrani-		u!i3ani-	u!i3(a3)-	base
uirre-		u!i3-		base
uita-		uvita-	uvi(t)-	base
uite-		uvi(t)-		base
uiteraq		ivit03a3		base
uivaar-		uyiv9a3-	uyiv0-	base
uivaq		uyivva3 	uyiv0-	base
uive-		uyiv0-		base
ukamar-		ukama3-		base
ukasiruaq		uka9i3u9a3 	uka9i3	base
uki-		uki-²		base
ukisqaq		ukiy(0)qaq		base
ukisqir-		ukiy(0)qaq		base
ukite-		ukit- 	uki-²	base
ukli-		u!ukli-	u!u-	base
uklir-		u!ukli-	u!u-	base
uksi-		ukyi-		base
uksuaq		ukyu3a3	ukyu3	base
uksuq		ukyu3		base
ukurraq		uku3a3		base
ukveqe-		ukv0q0- 	ukv03-	base
ukver-		ukv03-		base
ula		ul0(-)		base
ulakitaar-		ulakitaa3-		base
ulapeqe-		ulap0(t)-		base
ulariq		ula3iq		base
uleve-		ul0v0-	ul0(-)	base
ulevlar-		ul0vla3-	ul0(-)	base
uliiq		ula!aq		base
ulik		uli!(-)		base
uliun		uli(C)un		base
ullag-		utla!-		base
ulligte-		u@i3-		base
ullirte-		u@i3-		base
ulluvak		u@u!a!		base
ull’uyaq		ul0(t)luya3		base
ulmirte-		ulmi3t0-		base
ulpiarte-		ulp0!-²		base
ulruk		ul3uk		base
ulte-		ul0t-		base
ulu		ulu(q)		base
uluaq		ulu(3)		base
uluar-		ulu3a3-		base
ulug-		ulu!-		base
ulur-		ulu3-		base
ulurya(yug)-		ulu3ya-		base
uluryanar-		ulu3yana3-	ulu3ya-	base
ulute-		ulut0- 	ul0(-)	base
umci-		umci!- 	um0!-	base
umcig-		umci!- 	um0!-	base
ume-		umyu!aq		base
umeg-		um0!-		base
umek		um0!-		base
umi-		umi-		base
umiqsig-		umi-		base
umiqvanek		umi-		base
umte-		um0!-		base
umyu(g)aq		umyu!$aq		base
umyu(g)aqe-		umyu!$aq		base
umyu(g)artur-		umyu!$aq		base
umyugaite-		umyu!a3it0- 	umyu!$aq	base
umyuarite-		umyu!a3it0- 	umyu!$aq	base
una-		una-¹		base
unair-		una3i3-		base
unake-		unak0-	una-¹	base
unaliq		unali3		base
unange-		una&0- 	una-¹	base
unarciar-		una3ci3-		base
unasmiur-		una9mi-		base
unatar-		unata3-		base
unegte-		un0!-		base
uneq		un03		base
unga-		u&a-		base
ungag(u)aq		u&a!$aq		base
ungaggaq		u&a!$aq		base
ungair-		u&a&i3-	u&ak	base
ungak		u&ak		base
ungalaq		u&ala3	u&an	base
ungi-		u&i-		base
unguir-		u&umma3- 	u&uma-	base
ungungsiq		u&u&siq		base
unguva-		u&uma-		base
unguvan		u&uman 	u&uma-	base
ungilag-		u&ila!-		base
unglu		u&lu		base
ungpaar(aq)		u&p0!		base
ungpek		u&p0!		base
ungu-		u&u-		base
unguir-		u&u(C)i3- 	u&uma-	base
unite-		unit-		base
uniurte-		uni(C)u3-		base
univkaraq		univka3a3		base
unraq		un3a3		base
unuaq		unnu(C)a3 	unnu!	base
unuaqu		unnu3aqu		base
unuk		unnu!		base
upag-		upa!-		base
upete-		up0t-		base
up’nerkaq		up0n(0)3ak9a3 	up0n(0)3a3	base
uqamairi-		uqima&i3-		base
uqamaite-		uqima&it-		base
uqamaq		uqima&it-		base
uqeq		uq03		base
uqer-		uq03-		base
uqiggete-		uqi!it-		base
uqgete-		uqi!it-		base
uqigli-		uqi!itli-	uqi!it-	base
uqiggeli-		uqi!itli-	uqi!it-	base
uqila-		uqila-		base
uqilngu-		uq9il&u- 	uq9u3	base
uqite-		uqqit-		base
uqlir-		uqli3-		base
uqrun		uq03uta3 	uq9u3	base
uqsuq		uqsuq		base
uquaq		uq9u3a3	uq9u3	base
uquggluk		uqu!		base
uquir(aq)		uquiq		base
uqumyak		uq9umya! 	uq9u3	base
uquq		uq9u3		base
uqurte-		uq9u3- 	uq9u3	base
uqvik		uqvi!		base
uraruq		u3a3uq		base
ure-		u30-		base
urluveq		u3luv0q		base
urnir-		u3ni3-		base
urr’aq		u33a3		base
urrasquq		u33a3		base
urug-		u3u!-	u30-	base
uruq-		u39u3		base
uryur-		u3yu3-		base
usaaq		uya(C)aq		base
usgu		uy!u-		base
uskuq		uyukku3(a3)		base
uskurtuliaraq		uyukka3(a3)		base
usper-		usp03-	u90!-	base
usruq		uyu3u(3)		base
ussneq		usn0q	uyt0-	base
ussukcaq		usn0q	uyt0-	base
ucukcaq		ucukcaq		base
uste-		uyt0-		base
usvi		uyvi		base
usvitu-		uyvi		base
usviite-		uyvi&it0- 	uyvi	base
utakinaq		utakinaq		base
utaqa-		utaq0-		base
utengqa-		ut0&qa-	ut03-	base
uterte-		ut03-		base
utetmun		ut0tmun	ut03-	base
utnguk		ut&u3		base
utqiq		ulqi3		base
utuqa-		utuqqa3		base
utvak		ut0vak		base
uu-		u!u-		base
uugnar(aq)		u!9u!na3	u!9u!	base
uulegte-		u&ul0!-		base
uumi(yug)-		u!umi-		base
uunglekar-		u!u&ila3- 	u!u-	base
uuqnarqe-		u!uqna3- 	u!u-	base
uurcara-		u!!u3-		base
uute-		u!ut- 	u!u-	base
uutuk		uutuk		base
uuvlaag-		u!u&ila3-	u!u-	base
uvaa-		uv0(C)a- 	uv03-	base
uver-		0v03-		base
uyalek		uyal0k 	uya(qu3)	base
uyamik		uyami! 	uya(qu3)	base
uyangte-		uya!-		base
uyaquq		uya(qu3)		base
uyatu-		uyatu-		base
uyakite-		uyatu-		base
uyiqe-		uyiq0-		base
uyive-		uyiv0-		base
uyte-		uyt0-		base
uyug-		uyu!-		base
uyunge-		uyu&0-		base
uyuraq		uyu3a3		base
vegtaq		0v0!ta3	 0v0!	base
vek		0v0!		base
wa-		uvva		base
waten		!wat0n	uvva	base
watna-		!wat0n	uvva	base
wayar-		ivaya3-	iva3-	base
wii		uva&a		base
yaaliagni		i&a(va)-		base
yaani		i&a(va)-		base
yaaqvani		i&a(va)-		base
yaate-		i&an		base
yagneq		iya!n03	iya!-	base
yagte-		iya!-		base
yaqiur-		iyaqqi-	iya!-	base
yaqulek		iyaqu3		base
yaquq		iyaqu3		base
yave-		yav0-		base
yavun		yavun	yav0-	base
yiite-		i&&it- 	i&u!	base
yitaar-		i&ut-²		base
yit’e-		i&&it-		base
yuar-		iva3-		base
yuaraq		i&u!a3	i&u!	base
yugaq		yu!u(C)aq	i&u!	base
yugnirqe-		i&u!ni3-	i&u!	base
yugte-		yu!t0- 	i&u!	base
yugyag-		i&u!ya!- 	i&u!	base
yukutaq		iyukuta(3)		base
yuinaq		i&u!inna3 	i&u!	base
yuinaunritaraan		yuinaun3ita3(aq)	i&u!	base
yuinaunrita’ar		yuinaun3ita3(aq)	i&u!	base
yuk		i&u!		base
cuk		i&u!		base
yungaq		iyu&&a3		base
yungcar-		yu&ca3-	i&u!	base
yup’ik		i&upi!	i&u!	base
yuqerte-		yuqa3-	iyyu3-	base
yurar-		yu3$a3-		base
yurvir-		iyuv3i3-		base
yuu-	(live)	i&u!u-	i&u!	base
yuu-	(get or put in)	ni!u-		base
yuuciq		i&uci3	i&u!	base
yuukaq		i&(0)yuka3		base
yuunerrar(aq)		yu(u)n3aq	i&u!	base
yuurqaq		ni9u3qa3	ni9u3-	base
yuurrmiur-		ni9u3-		base
yuvgeq		n0v!u3		base
yuvrir-		iyuv3i3-		base