Akuzipik	English	Proto-form	Under	Type
aagtagh-		a!ta3-	a!0-	base
aagte-		na!0t-		base
aaghte-		a3a3-		base
aaghhaghte-		a3a3-		base
aahaangwliq		a(a)-a(a)&li3		base
aakaq		a(a)ka3		base
aakw		a9u!		base
aalghaq		al03		base
aane-		an0-		base
aanelgun		an0l!un	an0-	base
aange-		a&0-		base
a(a)ngeneq		a&0-		base
aanghuute-		an0q		base
aangqaq		a&qaq		base
aanngerquq		an(0)&anquq		base
angangarquq		an(0)&anquq		base
aantat		antat	an0-	base
aante-		an0t-	an0-	base
aanvik		an09vi!	an0-	base
aanvik		ann0vi!		base
aapte-		ap0t(0)-		base
aarragh-		at5a3-	at0-	base
aastu-		at0tu-	at(0)-	base
aatak		ata²		base
aataqun		ata²		base
aataw		ata²		base
aate-		at0-		base
aatneq		atn0q	at(0)-	base
aavgugh-		av0!-		base
aavneq		av0!-		base
aavnguq		av&uq	av0!-	base
aawyaq		a9u!ya3	a9u!	base
afsengaq		av0l&a3		base
agagh-		a!(!)a(3)		base
agalghu-		a!a-		base
agepsuq		apyu3		base
agepsugh-		apyu3		base
agha		a39a		base
aghenqigneq		a30nqi!-		base
aghhmagte-		a3(ca3)ma!-	a3ca3-	base
aghi-		a3i(t)-		base
aghilluk		a3in		base
aghinaq		a3ina3-	a3i(t)-	base
aghinwaaq		a33i(t)na3		base
aghinwaq		a!an3u(Ca3)		base
aghipa		a3ipa-		base
aghipate-		a3ipa-		base
aghiva-		a3iva-		base
aghliigh(yug)-		a3li(C)-		base
aghmig-		03mi!-	030-¹	base
aghnaasiq		a3nauciq	a3na3	base
aghnagan		030ni(3)-		base
aghnagan		(030ni(q)?		base
aghnaghaq		a3na3aq	a3na3	base
aghnaghuq		a3na3uq	a3na3	base
aghnalgun		a3nalyun	a3na3	base
aghnalqwaaq		a3nalqu(C)a3	a3na3	base
aghnaq		a3na3		base
aghnasalek		a3nacallu3	a3na3	base
aghnasqwaaq		a3nalqu(C)a3	a3na3	base
aghneghwaalek		a!an3u(Ca3)		base
aghneq		03n0q	030-²	base
aghpuk		qapu!		base
aghpuneq		q03tun0q		base
aghqella		qa90!-		base
aghqestaaq		0k03(tu)-		base
aghqelli-		0k03(tu)-		base
aghqetghaq		qi30t3a3-	qi30-	base
aghqitaghaq		0k03(tu)-		base
aghquugte-		qaku3-		base
aghqulluk		qaqutlu!		base
aghsaghmete-		a3ca3-		base
aghsaghte-		a3ca3-		base
aghsaan		a3ca3-		base
aghsug-		aqa!cu!-	aqa!-	base
aghsugh-		qakcu3-	qak0(3)-	base
aghte-		030-²		base
aghtugh-		a3tu3-		base
aghu-		a3u-		base
aghula-		a3ula-		base
aghulaqe-		a3ulla3-	a3ula-	base
aghulaghqugh-		a3ulla3-	a3ula-	base
aghulate-		a3ulat-	a3ula-	base
aghuliigh-		a3ula(&)i3-	a3ula-	base
aghuqe-		a3uq0-		base
aghvak		a3va!		base
aghveghagetaq		a3uv03(a3)		base
aghvepik		a3v0pi!	a3v03	base
aghveq		a3v03		base
aghvequte-		a3v03		base
aghvesak		a30vca!	a3v03	base
aghvetuq		a3v0tu(C)aq	a3v03	base
aghvig-		03(0)vi!-	030-¹	base
aghvigh-		a3vi3-		base
aghvinlek		a3vin(0)l0!	a3vi3-	base
aghyugh-		a3(0)yu-		base
aghyuqe-		a3yuq0-	a3(0)yu-	base
aghyuugh-		a3yu3-		base
agi		a!i		base
agitagh-		a!itta3-		base
agitagha-		a!itta3-		base
aglagh-		a&il3a3-	a&it-	base
agleghu-		a!l03(-)		base
agleq		a!l03(-)		base
aglekesegaq		a@!i3		base
aglug-		a!lu!-		base
agluk		a!lu3		base
agtugh-		a!tu3-		base
agugh-		a!u3-		base
agzighte-		a!$i(3)-		base
akamka		ak9a!-		base
akangquq		ak0qu3		base
akeqe-		ak0q0-		base
akevegte-		akivi!-		base
aki-		aki-		base
aki		aki(-)		base
akigh-		akki3-		base
akiingqwaghte-		aki3u3-	aki-	base
akileghtugh-		akili3-	aki-	base
akilghuu(gh)-		aki3u3-	aki-	base
akimigaq		akimi!a3	aki-	base
akin		akin	aki-	base
akingite-		aki&it-	aki-	base
akiniigh-		akini(C)a3-	aki-	base
akisqaghte-		aki3-	aki-	base
akite-		aki-		base
akivigte-		akivi!-		base
aklegaq		akl0!a3	ak03	base
aklek		akl0k	ak03	base
aklu-		aklu-		base
aklungi		aklu-		base
aklunaq		aklu-		base
akmag-		natma!-		base
akmaliighaq		akmalia3aq		base
aksaqe-		a(a)tsaq0-		base
akugaaq		ak(k)uva3		base
akughaq		aku3a3	aku(3)	base
akughte-		aku3-²		base
akughtugh-		aku3-¹		base
akule-		akul0-	aku(3)	base
akuliq		akul(l)i3	aku(3)	base
akulqusuk		akulqucuk	aku(3)	base
akultu-		akultu-	aku(3)	base
akuq		aku(3)		base
akuutaq		akuta3	aku(3)	base
akuute-		akut-	aku(3)	base
alangghu(yug)-		ala&3u-		base
aleq		al03		base
alghapak		al3apak	al03	base
alguma-		al!u-		base
ali-		ali		base
aliftugh-		alivtu3-		base
aliga-		ali!a-		base
alignagh-		ali!na!h-	alik0-	base
alignaq		ali!na!h-	alik0-	base
aliigh-		alla3(i3)-		base
aliite-		ala3it0-	alla3(i3)-	base
alike-		alik0-		base
alinge-		ali&0-		base
alingite-		ali&it-		base
alingnaq		ali&0-		base
alingtagh-		ali&ta3	ali&0-	base
aliq		a9i3		base
alla		atla		base
allakagh-		atlakka3	atla	base
allayug-		atlayu!-	atla	base
alleg-		a@0!-²		base
allighaq		atli3a3	at(0)-	base
allighta		a@i3t0		base
allngik		a@&i!		base
allngugh-		a&@u3-		base
allughqi-		a@u3-		base
allungak		a@u&ak		base
alpa		alpa(!)		base
alpag-		alpa!-		base
alpagh-		alpa!-		base
alqegkaq		alq0!kaq		base
alqimagh-		alqima3-		base
alqutaq		alqutaq		base
alunge-		alu!-		base
alungutelleq		alukt0tn0q		base
aluq		alu(3)		base
ama		amma		base
amaa		amaqu3		base
amagh-		ama3-		base
amaghtu		ama3tu3		base
ameltu-		am0l0		base
amestaaghhaq		amit-		base
amigh-		ami3		base
amighaq		ami3a3	ami3	base
amik		amik		base
amikluk		amitatuk	amit-	base
aminaqe-		amina3		base
aminghaq		amin3aq	ami3	base
amiq		ami3		base
amitelqaq		amil0qa3	amit-	base
amla		am0l0		base
amllugh-		am@u3-		base
amqeghte-		al0mqa3-		base
amu-		amu-		base
amyak		amyak		base
anaana		ana(a)na		base
anaavak		ana(C)uva!		base
anag-		anna!-		base
angayuqaq		a&ayuqa3	a&ayu!	base
angegh-		a&03-	a(a)&	base
anghungite-		an(0)3uta3		base
angi-		a&i-		base
angiqe-		a&i-		base
angigh-		an0!i3-	an0-	base
angiite-		a&it-		base
angite-		a&i-		base
anglaaq		anlu(C)a3	anlu	base
anglanagh-		a&la-		base
angli-		a& (0)li-	an0-	base
anglisagh-		a&lica3-	a&0-	base
anglu		anlu		base
angqigh-		at&i3-		base
angtaaq		a&tu3(a3)	an0-	base
angu-		a&u-		base
angukaq		a&ukaq		base
angumaasqitaghte-		a&uma-	a&u-	base
anguugh-		a&u9u3-		base
anguyu-		a&uyu(3)-	a&u-	base
angvalluqegtaq		a&valu3-	a&va-	base
angvaneq		a&van0q	a&va-	base
angwaagh-		a&u9a3-		base
angwaaghun		a&u9a3un	a&u9a3-	base
angyaq		a&yaq		base
angyagh-		a&yaq		base
angyii-		a!yu3-		base
anighta		ani3ta		base
anigu		ani!u		base
aningwaaq		ani&uaq		base
anipa		annu3aq0-		base
anughaqe-		anipa		base
anuqa		anuq0		base
anuqligh-		anuqli3-	anuq0	base
anusigaa-		annut-		base
anusiyaa-		annut-		base
anusimighte-		anucimi3-	annut-	base
anusimingllagh-		anucimi3-	annut-	base
apa		ap(p)a¹		base
apagh-		apa3-		base
apalluq		apa@uk		base
apegh-		ap03-		base
apeghtugh-		ap03-		base
apenghaan		ap0-		base
apengqe-		ap0&0-		base
apengte-		ap0&0-		base
apetaq		ap03-		base
apumek		apun	ap0-	base
aqara		aqaya!		base
aqavzik		aq0v9i!		base
aqelqaq		aq0lqaq		base
aqelqaghte-		aq0lqaq		base
aqergiiq		aq09!i3		base
aqesgiigh-		aq0st0-		base
aqevleghaq		aq0vl03-		base
aqfagh-		aqva-		base
aqfaate-		aqva-		base
aqfaqugh-		aqvaqu3-	aqva-	base
aqnigh-		at&i3-		base
aqnighte-		at&i3-		base
aqii-		aqu(C)i-		base
aqlagh-		aqla-		base
aqlagha		aqla-		base
aqniqe-		at&iq0-	at&i3-	base
aqsa		aq(0)ya3		base
aqsamuk		aqyamu!	aq(0)ya3	base
aqsaquq		aq(0)yaqu3	aq(0)ya3	base
aqume-		aqum0-		base
aqumga-		aqum!a-	aqum0-	base
aquutaq		aqut-	aqu	base
aquutagh-		aqut-	aqu	base
aragh-		a9(9)a(a)		base
asak		acca!		base
asi-		aci¹		base
asiiq		aci¹		base
asitmun		at(0)-		base
asivagh-		aciva3-	aci¹	base
asivaq		aciva3-	aci¹	base
asunan		acu		base
asunaq		acu		base
asute-		acu-		base
ata		ata¹		base
ataasiq		ata3uci3		base
ataata		ata(a)ta		base
atakaghqaq		atakaq	ata¹	base
atalgun		atal!un	ata¹	base
ataneq		atan03	ata-	base
ategh-		at03-	at(0)-	base
ateghte-		at03t0-	at(0)-	base
ateq		at03		base
atghagh-		at3a3-	at(0)-	base
atghilek		at(0)qil&uq	at03	base
atigh-		acci3-	at03	base
atightugh-		acci3-	at03	base
atiiqe-		acci3ut0-	at03	base
atkuk		at0ku!		base
atkug-		at0ku!		base
atngaghun		at&a3un	al&ar(-)	base
atungak		atu&a3		base
atugh-		atu3-		base
atunem		atun0m		base
atungaq		atu&a3		base
atuq		atu3-		base
atuun		atu(3)un	atu3-	base
ava		av9a3¹		base
avaagh-		ava-		base
avaqutaq		avaqutaq		base
avayaq		avayaq		base
aveg-		av0!-		base
avek		av0!-		base
avguq		av(0)!uq		base
aviigh-		av(v)a3i3-		base
aviite-		ava&it0-		base
avlegh-		avl03-		base
avleqaghtaq		avl0qa3taq	avl03-	base
avugh-		avu3-		base
avun		avun		base
avutke-		avun		base
awaliq		aval(l)i3	avan	base
awata		avan		base
awataghpak		avata3		base
awatiigh-		avat0&i3-	avan	base
awisu		a(a)miyu(u)		base
awite-		a!wit0-		base
awiqe-		a!wit0-		base
ay		ay		base
ayaa		aya(C)u-		base
ayagun		aya!un	aya!-	base
ayallaghaaq		a@ayaq		base
ayaniqe-		ayani(3)-		base
ayapegh-		ayap03-	aya!-	base
ayapghun		ayap3un	aya!-	base
ayaq		aya!-		base
ayaqe-		aya!-		base
ayaviiq		aya3u3	aya!-	base
ayeme-		ay0m0-		base
ayemqe-		ay0m0-		base
ayghiyugniqe-		a!$i(3)-		base
ayghigh-		ayu3i3-		base
aygugh-		a9!u3-		base
ayguq		a9!u3-		base
aygughike-		a9!u3a-	a9!u3-	base
ayu-		ayu-		base
ayugigh-		ayu!-		base
ayugite-		ayu!-		base
ayumiq		ayumiq		base
ayuqe-		ayuq0-		base
ayuqliq		ayuq0-		base
ayva-		ayva-		base
ayveq		ayv03		base
aywa-		a9!u3-		base
azi-		ayi-		base
azigutaq		ani!utya3		base
eflegh(yug)-		0pl03-		base
eflugh-		t0lv0-	t0la!-	base
uflugh-		t0lv0-	t0la!-	base
efsug-		0vcu!-		base
efteq		0vt03		base
eftuq		0!tu!		base
ege-		0!0-		base
egge-		k0!0-		base
eggmiiq		k0!mi(C)-	k0!0-	base
eghneq		03n0q	030-²	base
eghqaaq		qaq9a3		base
eghqaataqe-		0!qa3-	0!0t-	base
eghte- 	repeat	03ut0-	030-²	base
eghte- 	dawn	030-²		base
egkuq		0!kuq		base
eglluk		k0klu(!)		base
egmigh-		0!mi3-		base
egnaangite-		030ni(3)-		base
egtaq		0!ta3		base
egte-		0!0t-		base
egtug(yug)-		0!tu!-		base
egtughyaq		k0!tu3ya3		base
ellmaaghaghhaq		0@ma3(a3)		base
ellmi-		0@mi-		base
ellnga		0@(0)&a		base
ellngagh-		0@&a3-		base
elpek		0lp0t		base
elpeke-		0lp0k0-		base
elqiiq		t0lqi(C)a3		base
elquaq		q0lqu9a3		base
elqughaghte-		0lqu3-		base
elte-		n0l0t-	n0l03	base
eltugh-		tat(0)tu3-	tat0-	base
eltughaq		0ltu3		base
epe-		0p0-		base
epeqaq		0p0qa3		base
esghagh-		0s!a3(a3)-	090	base
esghapag-		0s(!a)3apa!-	090	base
esla		cila		base
eslalluk		cila@u!	cila	base
eslallugugh-		cila@u!	cila	base
eslate-		cilan	cila	base
eslege- 	be stout, thick	cil0!-¹		base
esleqe-	be full	cil0!-²		base
eslequq		cil(0)qu3		base
eslevak		ci@uva!		base
eslugh-		cilu3-		base
esna(q)		cin0		base
esne-		cin0		base
esneghaq		cin03a3	cin0	base
esnek		cin0k		base
esnighte-		cini3-	cin0	base
estaaghagh-		citu3a3-	citu-	base
estamat		citamat		base
esteqe-		cit0(!)-		base
esteqaq		cit0(!)-		base
estu-		citu-		base
estugh-		cittu3-		base
estuk		cituk		base
evelegtagh-		0v0(3)l0!-		base
evleq		q0vl03-		base
evluk		i& (0)yul0!		base
gaaghaq		0!a(C)a3	0!a-	base
gaaghusiq		0!!an	0!a-	base
geve-		0!0-		base
ggaak		k0!9a!-		base
ggata		ki!an		base
ggayek		ki!ay0!		base
ggiighsi-		k0!i3-		base
ggiiste-		k0!0-		base
gginaq		k0!ina3		base
gginaqwaaq		k0!inaqu3	k0!ina3	base
gguta		k0!un	k0!0-	base
gheve-		030-¹		base
ghhatagh-		q03a3-		base
ghhatagh-		q03ata3-		base
ghhiitagh-		03ita3-	03i-	base
ghhuu-		qi3u-		base
ghhuute-		qi3u-		base
ghhuugh-		q03u3-		base
ghhuuq		qa39u3		base
ghhwuta		qu30-	qu30-	base
ghhuta		qu30-	qu30-	base
giimaq		0!ima3		base
guute-		0!ut-		base
ifkagh-		090vka3-		base
ifla-		0pla-		base
igamsiqa-		i!a-		base
igaq		i!aq		base
igarutaaq		ni!09u3un	ni!09u3-	base
igarutaagh-		ni!09u3-		base
igatagh-		i!ata3-		base
iggag-		i!0!a3-		base
iggasighte-		i!0!a3-		base
igha(yug)-		i3a-		base
ighaleqetaaq		i3al0q0taq	i3aluq	base
ighaluqaq		i3aluq		base
ighanaq		i3a-		base
ighigh-		i3i3-		base
ighlegtu-		i3(0)l0!-		base
ighleke-		i3l0k0-	i3(0)l0!-	base
ighneghaq		i3n03@uk		base
ighneghlluk		i3n03@uk		base
ighneq		i3n03		base
ighni-		i3ni-	i3n03	base
ighsa-		0q(0)ya-		base
ighsake-		0q(0)yak0-	0q(0)ya-	base
ighsaquq		i3caqu3		base
ightugh-		i3tu3-		base
ighu		ni3u		base
ighyagte-		09i3ya!	0di3	base
iglagiisiq		il(l)a!i3un		base
iglagute-		il(l)a!-		base
iglak		i!lak	i!0-	base
igleghte-		0!l03-		base
igleghte-		0!il03-		base
igu-		ni!u-		base
igugh-		i!$u3-		base
igughte-		i!9u3-		base
iguk		i!9u!		base
ii-i		i(i)²		base
iigh-		i903-		base
iigha		a9!a(3)		base
iigha		a9!a!		base
iighaq 	glove	a9!a(C)a3	a9!a(3)	base
iighaq 	swollen gland	0903a(3)		base
iighhaq		aya3a3a3		base
iighhwaange-		i(C)i3-		base
iighhwe-		ni9u3-		base
iighwigh-		0&lu(3)-		base
iighwite		0&lu(3)-		base
iike-		ik0-		base
ikugh-		ik0-		base
iikw		i$uk		base
iilngiq		il&i3		base
iilqe-		ilut0q0-	ilu	base
iilquq		il0quq		base
iingqaghyagh-		i&ilqa3		base
iingqaq		i&ki3		base
iingqiq		i&qi3		base
iingtaq		i&t0-		base
iingunagh-		0lu(3)-		base
iinqe-		in0q0-		base
iinqun		in0qun	in0q0-	base
iipgite-		ip!it-	ip0!-	base
iiqmig-		iqmi!-		base
iiskughte-		090k0-	090	base
iisqughte-		090k0-	090	base
iivghusiq		iv3uciq	iv03-	base
iiyaq		iiyaq		base
ikayugh-		ikayu3-		base
ikfiqe-		ikvi!-		base
ikigh-		iki3-		base
ikngaqe-		iknaq0-		base
ikute-		ik0-		base
ikuyek		ikuy0!		base
ila		ila(-)¹		base
ilaaq		ila(C)a3	ila(-)¹	base
ilaagh-		ila(C)a3	ila(-)¹	base
ilagagh-		ila!a3-	ila(-)¹	base
ilake-		ilak0-	ila(-)¹	base
ilaliigh-		ilali(C)u3-	ila(-)¹	base
ilangani		ila&a(t)ni	ila(-)¹	base
ilangquq		nila!		base
ilate-		ilat0-	ila(-)¹	base
ileme-		it0m0-		base
ilu		ilu		base
ilughaq		illu3(a3)		base
ilulighaq		ilul(l)i3a3	ilu	base
iluliq		ilulli3	ilu	base
ilulighneq		ilulli3	ilu	base
ilumik		ilumi!	ilu	base
ilupeghaq		ilup03(a3)	ilu	base
ima		imam		base
imaghniitet		ima3nin	ima(3)	base
imanaq		iman03		base
imange-		iman0!-	ima(3)	base
imaq		ima(3)		base
imatuq		im(m)atu3	imma	base
ime-		im0(!)-		base
imeg-		im0!-		base
imigh-		immi3-	ima(3)	base
imlaa		imla(C)u(!)		base
imtuqaq		imtuqa3		base
imugh(yug)		im9u3-		base
ineghte-		in03-		base
inek		in0k		base
ineqsunagh-		in0qyuna3-	in0q0-	base
ingagh-		i&&a3-		base
ingan		i&an		base
ingata		i&an		base
ingani		i&a(va)-		base
ingaliq		i&a(va)-		base
ingleghat		i&l03aq	i&l03	base
ingleq		i&l03		base
inglu		i&lu		base
ingun		i&un	i&0t-	base
inguta		i&un	i&0t-	base
ingutuq		i&utu3		base
ingyaghaghte-		i&ya3-		base
ini-		ini-		base
ipeg-		ip0!-		base
ipegsagh-		ip0!ca3-	ip0!-	base
ipigtu-		ipi(!)		base
ipug-		ipu!-		base
ipugte-		ipu!-		base
ipugutaq		ipu!un	ipu!-	base
iqa	corner of mouth	iq0(3)		base
iqa 	dirt	iqa(3)		base
iqallugaq		iqa@u!a3	iqa@u!	base
iqalluk		iqa@u!		base
iqallupik		iqa@u!pi!	iqa@u!	base
iqangigh-		iqa&i3-	iqa(3)	base
iqeghta		iqa3t0		base
iqelquq		iq0lqu3		base
iqenge-		iq0(3)		base
iqetu-		iq0-		base
iqlengagh-		iqlu&a3-	iqlu-	base
iqlengiqe-		iqlu&a3-	iqlu-	base
iqlighayiilliqe-		iqli3		base
iqlumghu-		iqlu-		base
iqrag-		iqlak-		base
iqregaghte-		iq(0)$0-		base
iqrek		Iq50k		base
iqsak		iqlak		base
iqu-		iqu-		base
iquk		iqqu3		base
iqunight(e)		iqu-		base
isavghaq		icav3a3		base
isekinagh-		it90		base
isigima		ici!wa		base
itagnagh-		ita!-		base
itagnaghyug-		ita!-		base
itake-		ita!-		base
itegaq		it0!a3	it0!	base
itegh-		it03-		base
iteghagh-		it03a3-	it03-	base
itegmig-		it0!mi!-	it0!	base
itek		it0!		base
iteme-		it0m0-		base
itemte-		it0m0-		base
itghute-		it3ut0-	it03-	base
ituk		itu!		base
ivagh-		iva3-		base
ivaghutaq		iva3un		base
ivalu		ivalu		base
ivegh-		iv03-		base
ivgagh-		i!va3-		base
ivghaagh-		iv3a3-	iv03-	base
ivilu		uvilu3		base
iya		090		base
iyamsiqa-		i!a-		base
iyaq		i!aq		base
iyarutaagh-		ni!09u3-		base
iyarutaaq		ni!09u3un	ni!09u3-	base
iyegaatek		09(0)!a(3)	090	base
iyeksak		a9!a3u9a3		base
iyelluk		0d0@u!-	090	base
kaagkaq		kaka&ca3		base
kaagusiq		ka9(9)u!un	ka9u!-	base
kaakaa		kaa(kaa)		base
kaalgugh-		kal0!-¹		base
kaangquq		ka&quq	ka&03	base
kaangu		ka&u3		base
kaapute-		kapput0-	kap0-	base
kaate-		kat0-		base
kaatute-		kat0-		base
kaavlak		kavla!		base
kaaw-		ka9u!-		base
kafsak		kavcak		base
kaftekrak		kavcak		base
kaga-		ka!a-		base
kagime-		ka!im0-		base
kagpesqwaaq		kap0t-		base
kagpestaaq		kap0t-		base
kagpesug-		kap0!cu!-		base
kagsagte-		kakya!-		base
kagtagh-		ka!ta3-		base
kagu-		ka!u-		base
kakave-		kakav0-		base
kakeglluk		kakki!		base
kakegte-		kak0!t0-	kakki!	base
kakek		kaka!-		base
kaki-		kaki-		base
kakiiq		kaki(C)a3	kaki-	base
kaleve-		kal0v0(t)-		base
kallagtaak		ka@a!-		base
kallagte-		ka@a!-		base
kalluk		katlu!		base
kalngak		kal&ak		base
kalngugh-		kat&u3-	kat0-	base
kalngughnga-		kat&u3-	kat0-	base
kamek		kam0!		base
kanagaq		kana!		base
kanagh-		kana3-		base
kanagha-		kana3-		base
kaneq		kan03		base
kanegh-		kan03		base
kangighaq		ka&i3a3	ka&i3	base
kangiq		ka&i3		base
kangiqliq		ka&illi3	ka&i3	base
kanglu-		ka&lu-		base
kangllu-		ka&lu-		base
kanivaan		kaniva3un		base
kanuk		kanu!		base
kanuya		kannuya3		base
kape-		kap0-		base
kapeghte-		kap03t0-	kap0-	base
kapugh-		kapu3-	kap0-	base
kasima-		kat0ma-	kat0-	base
kaspugte-		kaspu!t0-		base
katag-		kata!-		base
kavighruk		kavi3-		base
kavitaraak		kavi3-		base
kaviiq		kav(v)i(C)a3	kavi3-	base
kavite-		kavi3-		base
kayaaq		kay(y)u(C)a3	kayu-	base
kayagte-		kaya(!)-		base
kayaghqagh-		kaya(!)-		base
kayeme-		kay0m0(t)-		base
kayngu(yug)-		kay&u-		base
kayu		kayu		base
kayu-		kayu-		base
kayun		kayun	kayu-	base
kazive-		ka90v0(t)-		base
keka		aka(a)		base
kelag-		k0la!-		base
keleg-		k0l0!-		base
kelenga-		k0l0!-		base
kelenga-		k0l0t-		base
kelevagh-		k0luva3-	k0lu	base
keleve-		k0l0(t)-		base
kelig-		k0li!-		base
keligagh-		k0li!a3-	k0li!-	base
kelli(yug)-		0kli-		base
kellii		k0tli3	k0t0-	base
kelu		k0lu		base
keluk		k0lu!		base
kemagluk		k0ma!lu!		base
kemagnaq		k0ma!naq		base
kemek		k0m0!		base
kemgite-		k0m0!it-	k0m0!	base
kemkelleghaq		kumka3		base
kenegte-		t0nu-		base
keneq		0k0n0qk(0)n03	0k0-¹	base
kenigh-		t0nni3-		base
keniq		k0ni3		base
kenite-		k0nit-	k0ni-	base
kenla		k0nl0		base
kenle-		k0nl0		base
kenluq		k0nlu3		base
kenlughmun		k0nlu3		base
kenu-		t0nu-		base
kepe-		k0p0-		base
kepkagh-		k0p(0)ka3-		base
kepliigh-		k0pli3-	k0p0-	base
kepsugh-		k0p0t-¹		base
keste-		k0cit-		base
kete-		k0t0-		base
ketfagh-		k0tva3-	k0t0-	base
ketngik		kitmi!		base
keveg-		k0v0!-		base
kevgaq		k0v!a3		base
kevigh-		k0vi3-		base
kezeghhagh-		k09i-		base
kezemaq		k09im(3)a3	k09i-	base
kii	gee oh	ki(i)		base
kii	cut, wound	0ki		base
kiighaghtagh-		ki99i3-	ki9a!(-)	base
kiighte-		0ki9a3-		base
kiighwyaq		ki(C)u3ya3		base
kiik		ki9a!(-)		base
kiikw		ku90!		base
kiimsigh-		ki(C)u-		base
kiiq		0ki9a3	0ki9a3-	base
kiighmik		0ki9a3	0ki9a3-	base
kiitmik		kit&i!		base
kiive-		kiv0-		base
kiksak		k0kya!		base
kilgaa		kil!aq		base
kiligh-		kili3-		base
kiliq		killi3	kili3-	base
kina		ki(na)		base
kinegh-		kin03-		base
kineghtaq		kin03taq	kin03-	base
kingu-		ki&u-		base
kinguk		ki&u!		base
kinguliq		ki&ul(l)i3	ki&u-	base
kingulighpigaq		ki&ul(l)i3	ki&u-	base
kinguneq		ki&un03	ki&u-	base
kinguvaqwaaqun		ki&uva3-	ki&u-	base
kipullegte-		kipu@0!-	kiput-	base
kitu-		kitu	ki(na)	base
kitugh-		kitu3-		base
kiyaghte-		kiya3-		base
kiyaghute-		kiya3-		base
kukegte-		kuk0!		base
kukikrak		kuki!		base
kukrak		kuk9a!-		base
kukumyalqi-		kukumya3-		base
kukupak		kuku!		base
kumagh-		0kuma-	0k0-¹	base
kumak		kuma!		base
kumakigh-		kumaki3-	kuma!	base
kumeg-		kum0!-		base
kumkelleghaq		kumka3		base
kumkiili-		kumka(C)ili-	kumka3	base
kumkiilisiq		kumka(C)ili-	kumka3	base
kumlama-		kumla-		base
kumlate-		kumla-		base
kumlu		kumlu		base
kunakaq		kun(n)aq		base
kusukaq		kucuka3		base
kuumgun		kum!un	kum0!-	base
kuusneq		ku9uccin03	ku9ucci3	base
kuutu-		ku(C)u(!)-		base
kuutughmete-		ku(C)u(!)-		base
kuuve-		kuv0-		base
kuuvraq		kuv9a3		base
kuuvragh-		kuv9a3		base
kuyak		kuya!		base
kuyapegaq		kuyap0!a3		base
kuynga		kui&iq		base
laag-		0la!-		base
laakaq		0lakaq	0la!-	base
laalighte-		0lali3-		base
laalmik		nalmi!		base
leghlleq		n03l03		base
lengaaq		(0)@0&a9a3		base
leq		n0l03		base
legh-		n0l03		base
levekluk		(0)@0&a9a3		base
liighqe-		0li3q0-		base
liiqneq		0li3q0-		base
liisagh-		0lica3-	0lit-	base
liisimake-		0licima-	0lit-	base
liite-		0lit-		base
linggha(yug)-		0li3a-		base
lipeghsagh-		t0li-		base
lli-		0@i-		base
lliigh-		0@i3-	0@i-	base
llivelghak		0@(@)ivi!	0@i-	base
lliveq		0@iv03	0@i-	base
lluu-		0tlu(3)-		base
lluu(q)		0tlu(3)-		base
ma		0m0		base
maame-		mam0-		base
maamsa		mamca(3)		base
maaqe-		maq0-		base
maaqute-		maq0-		base
maaten		ma90t0n		base
maatneq		matn0q		base
maatnegh-		matn0q		base
maghlak		ma3la!-		base
maghyaghqugh-		ma3ya3-		base
maka		makka3		base
makete-		mak0t-		base
makigh-		maki3-		base
maklak		makla!		base
makugte-		mak0-		base
malghik		mal3i	mal3u!	base
malghuk		mal3u!		base
malighqagh-		mali3q0-	mali!-	base
malighqugh-		maliq9u3-	mali!-	base
maligsaagh-		mali!cua3-	mali!-	base
maligte-		mali!-		base
maligtagh-		mali!-		base
malleg-		ma@0!-		base
mallu		ma@u(k)		base
mamaq		mama3(-)		base
mamagh-		mama3(-)		base
mamlek		ta(a)ml0k		base
mamte-		mam0t-		base
mangagte-		ma&a!(-)		base
mangak		ma&a!(-)		base
mangalquq		ma&a!(-)		base
mangghute-		ma&ut-		base
mangigh-		man0!-		base
mangtak		ma&ta!		base
mangteghaq		mamt03a3		base
manguna		ma&una(!)		base
mangyaangigh-		man0!yu!a3-	man0!-	base
mangzighhe-		ma&i3-		base
mani-		mani-		base
manigugh-		mani!u3-		base
maniguute-		mani!u3ut0-	mani!u3-	base
manik		manni!		base
manu		manu		base
manughaq		manu3a3	manu	base
manungiitaq		manu&ilita3	manu	base
maqaq		maqaq		base
maqagh-		maqaq		base
maqete-		maq0t-		base
matagh-		matta3-		base
mayaghte-		uvaya3-		base
mayugh-		mayu3-		base
mayughaatak		mayu3a3un	mayu3-	base
meghnugh-		m03nu3-		base
meghyaghqugh-		ma3ya3-		base
meghtagh-		0m03ta3-	0m03(-)	base
meghun		0m(0)3un	0m03(-)	base
meghuta		0m(0)3un	0m03(-)	base
megqe-		m03q0-		base
mekegragh-		m0k(k)0!-		base
mekelghiiq		mik0-		base
mekelli-		mik0li-	mik0-	base
mellu-		m0lu-		base
mellutaq		m0@a3-		base
melngu(q)		m0l&u3		base
melqupak		m0lqupak	m0lqu3	base
melquq		m0lqu3		base
melug-		m0lu!-		base
melugyaq		m0lu!ya3	m0lu!-	base
mengqughpak		m0&quq	0m0!-	base
mengwaak		0m0&0(3)-	0m0!-	base
meq		0m03(-)		base
meqe-		m0q0-		base
meqesigh-		m0q0ci3-	m0q0-	base
meqsaghtugh-		m0qya3tu3-		base
meqsug-		m0qyu!-	0m03(-)	base
meqyaghtugh-		0m0qya3tu3-	0m03(-)	base
mesak		m0ca!		base
mesag-		m0ca!		base
mesaqe-		m0ca3-		base
mesighagh-		m0ci3a3-		base
mesiiq		m0ci3a3	m0cu(!)	base
mesuq		m0cu(!)		base
metagh-		m0ta!-		base
meteghlluk		m0t03@uk	m0t03	base
meteghyaq		m0t0!hyaq		base
metengtaq		m0t0&taq		base
metghaq		m0t03		base
metngaamsiig-		m0t&0!h-		base
metngegh-		m0t&0!h-		base
mighyagh-		mi3ya3-		base
migligrungiq		mik0-		base
miik		0m0!-		base
miksagaq		mik0-		base
milugh-		milu3-		base
minaq		mina3-		base
mingla		mi&l0		base
mingllegte-		m0&@0!t0-		base
mingug-		mi&u!-		base
mughaya-		ma3uya(3)	ma3u-¹	base
mughneq		mu3n0qaq	mu39u!-	base
mughniqaq		mu3n0qaq	mu39u!-	base
mughu-		ma3u-¹		base
mughute-		ma3ut-		base
mughyug-		mu39u!-		base
mugu-		m0!0-		base
mula		mul0(!)		base
mulaagh-		ma3u-²		base
mulu-		mulu-		base
mumeq		mum03(-)		base
mumig-		mumi!-		base
muugate-		0mmu!		base
muute-		0m0t-		base
na		0n0		base
na-		na-²		base
naken		na-²		base
na(a)		na-¹		base
na(a)		na(a)!!a		base
nakaa		na-¹		base
nakaa		na(a)!!a		base
naa		a(a)na		base
naafqe-		nav0!-		base
naafte-		navcu		base
naagh-		na30-		base
naaghsaq		na$a3caq		base
naagte-		na!0t-		base
naagu		na!u	na-²	base
naakaghqaq		a(a)nakaq	a(a)na	base
naakghite-		nak03it-	nak03-	base
naaki		na!u	na-²	base
naalkak		na@0kka!		base
naalke-		nalk0-	na@0-	base
naama-		na9ama-	na9a-	base
naami		na(C)umi	na-²	base
naange-		na&0-		base
naangneq		na&n0q	na&0-	base
naangquq		na&qu3		base
naangte-		na&0t-	na&0-	base
naangwaaghagh-		0na-		base
naapte-		nap03-		base
naarqaq		na(a)5qaq		base
naasquq		nay(0)qu3		base
naate-		na9at-	na9a-	base
naave-		nav0!-		base
nafluq		naplu		base
nagaqugh-		na!a(t)-		base
nagasugni-		na!acu!ni-	na!a(t)-	base
nagate-		na!a(t)-		base
naghigh-		na3i3-		base
naghrigte-		na3ci!-		base
naghulleg-		na3u@0!-		base
naghullgun		na3u@0!-		base
naghullgute-		na3u@!ut0-		base
naghuya		na3uya3		base
nagnegh-		na&n03-		base
nagtuqaq		na!tuqa3	na!0t-	base
nagu-		na!u-		base
nakasuk		nakacu!		base
nakegh-		nak03-		base
nakeghsagh-		nak03-		base
nakek		na!u	na-²	base
naki-		naki-		base
nakimtaa-		nakima-		base
nakligh-		na!0kli(3)-	na!0t-	base
nakmike-		na@mi(n03)		base
nakrek		n0!ci!		base
nakugh-		naku(3)-		base
naliq		nalli3	na-²	base
nalla		na@0-		base
nalle-		na@0-		base
nallagh-		na@a3-	na@0-	base
nalleqiiyaghute-		nalqi!-	na@0-	base
nallghughqe-		na@3u-	na@0-	base
nallghute-		na@3u-	na@0-	base
nallu-		na@@u-		base
nallunagh-		na@una3-	na@u-	base
nalluniigh-		na@una3i3-	na@u-	base
nalluniilkutaq		na@una3ilkuta3	na@u-	base
nalluyagute-		na@uya!ut0-	na@u-	base
nalp0ghtugh-		nay(0)p03tu3-	nay(0)p0t-	base
nalpiqugh-		na@0-		base
nalqiganite-		nalqi!-	na@0-	base
nalug-		nallu!-		base
nalughqutah-		nallu!-		base
nalugute-		nalu!-		base
nanevgaq		nan0v!aq		base
nanevgagh-		nan0v!aq		base
nangaghte-		na&a3-¹		base
nangenqagh-		na&n03-		base
nangeteghugh-		na&t03-	na&0-	base
nangghalug-		na&a3-²		base
nangghayug-		na&a3-² 		base
nangghu(ghi)-		na&3u(3)-		base
nangghuke-		na&3u(3)-		base
nanghiigh-		nan03-		base
nanqigte-		nan03-		base
nangllagh		n0&@ina3-	n0&0(t)-	base
nanglleg(yug)-		na&@0!-		base
nangrug-		na&$u!-		base
nangsagaq		na&ca3-		base
nangyagh-		na&ya3-		base
nangyiite-		na&ya3it-	na&ya3-	base
nangyiigate-		na&ya3it-	na&ya3-	base
nanilghaq		nanil3aq	nani3	base
naniq		nani3		base
nante-		nant0-	na-²	base
nanuq		nanu3		base
napaghte-		nappa3-	napa-	base
napaghnga-		nappa3-	napa-	base
napaghyaq		napa3ya3	napa-	base
napaqiliq		napata3-	napa-	base
napaqutaq		nappaquta3	napa-	base
napaqetaq		nappaquta3	napa-	base
naraqe-		na9aq0-	na9a-	base
narughte-		na39u!-		base
nasagh-		naca3		base
nasallenguaq		naca@&aq	naca3	base
nasaq		naca3		base
nasig-		nacci!-		base
naspete-		nay(0)p0t-		base
naspeqe-		nay(0)p0t-		base
nasqughhun		nay(0)qu3un	nay(0)qu3	base
nasqunghek		nay(0)qu3		base
nasuqe-		naacuq0-	na9a-	base
nate-		nat0-	na-²	base
natu		nat0-	na-²	base
nateghqaq		nat03a3	nat03	base
naten		nat0n	na-²	base
nateq		nat03		base
natesug-		nat0cu!-		base
natete-		nat0-	na-²	base
navegh-		n0v03-		base
navghagh-		nav03(a3)-		base
navghiite-		nav(0)3it0-	nav03(a3)-	base
navghute-		nav03(a3)-		base
nayak		naya!		base
nayug-		nayu!-		base
nayugh-		nayu3-		base
nazighaghsiq		nayi3a3ciq	nayyi3	base
nazighaq		nayyi3a3	nayyi3	base
nazisungaq		nayyi3		base
nefkagh-		n0kva3-	n0k0v0(t)-	base
nefku		n0vku		base
nefkugh-		n0vku		base
neftegte-		n0vt0!t0-	n0v0-	base
negagh-		n0!a3		base
negaq		n0!a3		base
negh(e)-		n030-		base
neghqe-		n03q0-	n030-	base
neghqugh-		n0n0q		base
neghqughruk		n0n0q		base
neghsaq		n03ca3		base
neghsapik		n03ca3		base
neghuvate-		n03uv03-		base
neghvik		n0309vi!	n030-	base
neghyaghtugh-		n03ya3-	n030-	base
neghyu-		n03yu(!)-		base
neghyuke-		n03yu(!)-		base
negig-		n0!i!-		base
negikragh-		n0!i!-		base
negili		n0!ila3		base
negilitaan		n0!ila3		base
negugh-		n0!u3-		base
neguya		n0!uya3		base
nekeve-		n0k0v0(t)-		base
nekefte-		n0k0v0(t)-		base
nekevgha-		n0k0v3a-	n0k0v0(t)-	base
nekrek		n0!ci!		base
nelegte-		0n0l0!t0-	0n0	base
nemegh-		n0m03(-)		base
nengaa		n0&a(C)u(!)		base
nengagh-		n0&(&)a3-		base
nenge-		n0&0-		base
nengigh-	take the place of	0n0&i3-	0n0	base
nengiq		n0&i3		base
nengigh-	get share	n0&i3		base
nengki-		0&ki-		base
nenglagh-		0&la3-		base
nengli-		n0&0(t)-		base
nenglek		n0&0(t)-		base
nenglu		0&lu		base
nengrak		n0!ila3		base
nengte-		n0&0t-	n0&0-	base
nengug-		n0&u!-	n0&0-	base
nengyuq		n0&yu3		base
nenki-		0&ki-		base
nepesanagh-		n0p0tya(3)-	n0p0t-	base
nepiigh-		n0pa&i3-	n0p0	base
nepiite-		n0p0n!it-		base
nepsuk		n0pyuk		base
nepte-		n0p0-		base
nepuk		n0pu!-		base
neqa		n0q0		base
neqamike-		0nqa(3u)ma-	0nqa(3)-	base
neqagh-		0nqa(3)-		base
neqesghaq		n0q0caq		base
neqligh-		n0qli(C)u3-	n0q0	base
neqlightugh-		n0qli(C)u3-	n0q0	base
neqnighqe-		n0q(0)ni3-	n0q0	base
neve-		n0v0-		base
nevegh-		n0v03-		base
nevuq		n0v9u3		base
ngiigte-		0&i!-		base
ngiikaq		i& (0)yuka3		base
nguleghte-		n0&ul03-	n0&0-	base
nguug-		0&u!-		base
nguugrag		0&u!-		base
nguutngguk		ut&u3		base
nighug-		n03$u!-		base
niighigh-		ni(i) @a3-		base
niightugh-		ni(i) @a3-		base
niillghek		ni(i) @a3-		base
niive-		na(C)0v0(t)-		base
nipallagh-		n0pa@a(3)-		base
nivugh-		na(C)0v0(t)-		base
nughaq		nu33a3		base
nughhaq		nu3a3(a3)		base
nugru		n0!u3lu3		base
nurgu		n0!u3lu3		base
nukaghaq		nuka3a3	nuka3	base
nukalpigaq		nukalpi!a3		base
nula-		nula-		base
nulgiigh-		nul!a3i3-		base
nulighhighaq		nuli3(a3)i3-	nuli3(a3)	base
nulighqullghiik		nuli(3)aq0l3iik		base
nulightugh-		nuli3(a3)tu3-	nuli3(a3)	base
nuliiq		nuli3(a3)		base
nulighh-		nuli3(a3)		base
nullu		nu@u		base
nulqaghiigh-		nulqa3-		base
nulugh-		nulu3(a3)-		base
nuna		nuna		base
nunaki-		nunaki-		base
nunangite-		nuna&it0-	nuna	base
nunaniq		nunanni3-		base
nunavak		nunava3	nuna	base
nungighte-		nu&i3t0-		base
nungighta		nu&i3t0-		base
nunivak		nuniva!	nuna	base
nunugh-		nunu(3)-		base
nunughtugh-		nunu(3)-		base
nuqete-		nuq0t-		base
nuqutu-		n0qu		base
nusug-		nuccu!-		base
nutaan		nuta(C)an	nuta3-	base
nutaghaq		nuta3a3	nuta3-	base
nutaghte-		nuta3-		base
nutem		nut0m		base
nuug-		nu!0-		base
nuugh-		0nu3-		base
nuugte-		nu!0t-		base
nuuve-		nuv0-		base
nuvak		nuva!		base
nuvaglluk		nuva!		base
nuvakatak		nuvakataq	nuva!	base
nuvuk		nuvu!		base
nuyaagh-		nuyu!-		base
nuyaq		nuya3		base
nuyekliq		nu$0		base
nuyughtugh-		nuyu!-		base
nuziq		nu9i3		base
pa(a)tgutaq		pat!uta3	pat0!-	base
paagh-		0ppa3-		base
paaghqite-		paq3it0-		base
paaghqilngaate-		paq3it0-		base
paasliq		pa9vi!		base
pagghugaq		pa(C)i3		base
pagi-		pa!i-		base
pagite-		pa!it0-	pa!i-	base
pagula		pa!u(la)		base
pagunghaq		pa!un3a3		base
pagute-		pa!u!-		base
pakeg-		pak0!-		base
pakegte-		pak0!-		base
pakig-		paki!-		base
pakineg-		pakin0!-	paki!-	base
palagh-		pala3-		base
palaghte-		pala3-		base
paligh-		pali3-		base
pallugte-		pa(C)a-		base
palughtaq		palu3ta3		base
pama-		pama-		base
pamyughaq		pamyu3a3	pamyu3	base
pamyuk		pamyu3		base
pana		pana		base
panegh-		pan03-		base
pangaleg-		pa&al0!-		base
pangeghte-		pa&03-		base
pangquqe-		paq0t-		base
panik		pani!		base
papek		pap0!		base
papereghti-		pap0!		base
papri-		pap9i-		base
paqna(yug)-		paqna-		base
paseghaq		pat0t-		base
pasike-		paci-		base
pasinguk		maci!		base
patag-		patta!-		base
pateg-		pat0!-		base
pateq		pat03		base
patuk		patu!		base
paya		pa90		base
payegh-		pa903-		base
payugte-		payu!-		base
pegge-		p0!0!a3-		base
peghhigh-		0p3i3-	0p03	base
peghhuq		0p03		base
peghlegh-		p03l03-		base
peghneq		p03n03		base
peghte-		p030t-	p030-	base
peghu-		p03u(-)		base
pegnem		p0!n0m		base
pegte-		p0!t0-		base
pekeqe-		p0k0t-	p0k0k-	base
pekfig-		p0k0t-	p0k0k-	base
pekete-		p0k0t-	p0k0-	base
pekngeq		p0kn03		base
pekug-		p0k0-		base
pekug-		p0kku(!)-		base
pekuutaq		p0kutaq		base
pellug-		p0@u!-		base
pellumeghtaq		p0@u		base
pelungi		p0lu(3)		base
pelungigh-		p0lu(3)		base
pengeg-		p0&0!-		base
pengiq		p0&i3		base
penguq		p0&u3		base
pennaq		0pna3		base
penniiq		0pna3i3	0pna3	base
peqngigh-		p0qli3-		base
peqlighte-		p0qli3-		base
petaq		p0taq		base
petengllag(agh)-		m0t0&@0(3)-		base
petgegh-		p0t!03-		base
petga(gh)-		p0t!03-		base
petug-		p0tu!-		base
petugutaq		p0tu!uta3	p0tu!-	base
pi-		pi-		base
pightughseghaq		pi3tu3ci3a3		base
pightuq		pi3tu3		base
pigineq		pi!in03		base
piifte-		pa(C)0vt0-		base
piighaghte-		pi(9)a!-		base
piighhe-		pi39a3-		base
piite-		pit0-¹	pi-	base
pike-		pik0-	pi-	base
pilag-		pila!-		base
pilagtugh-		pila!tu3-	pila!-	base
pillugagh-		pi@u!-	pi-	base
pilugug-		pilu!(u!)-		base
piluguk		pilu!(u!)-		base
pinagh-		pina3-	pi-	base
pineghlug-		pin03@u!-	pi-	base
pineghliqe-		pin03@u!-	pi-	base
pingayut		pi&ayut		base
pingite-		pi&it-	pi-	base
pingwaagh-		pi&&u9a3-	pi-	base
pinigh-		pinni3-		base
piniqe-		piniq0-	pinni3-	base
pinitun		pinitun	pinni3-	base
pinqusiq		pinquci3		base
pitegsagh-		pit0!ca3-	pit0!-	base
pitegte-		pit0!-		base
pivake-		pivak0-	pi-	base
pivik		pi9vi!	pi-	base
piyaa-		piyu!-		base
piyaqnagh-		pi9aq0(na3)-		base
pugime-		pu!(0)m0(t)-	pu!0-	base
pugimagh-		pu!(0)m0(t)-	pu!0-	base
puglegh-		pu!l03-	pu!0-	base
pugneq		pu!(0)n03	pu!0-	base
pugtaaghwaagh-		pu!ta-	pu!0-	base
pukaneq		puka!		base
pula-		pula-		base
pumsuk		pumyu!-		base
pupik		pupi!		base
pupingqugh-		pupi&qu3-		base
puqig-		puqi!-		base
puqla		puqla		base
puqlate-		puqla		base
putu		putu(-)¹		base
putukuq		putuku3		base
putuugh-		putu(-)²		base
puu		0pu		base
puug-		pu!0-		base
puughte-		pu30t0-		base
puughhe-		pu30t0-		base
puugzaq		pu!$aq		base
puuve-		puv0-		base
puuvlagh-		puvla3-		base
puuvyaq		puvya3		base
puvalla		puva@a		base
puveltu		puv0ltu		base
puvin		puvin		base
puvug-		puvu!-		base
puya		puya		base
puygu-		puy!u(3)-		base
puyuq		puyu3		base
puyuqe-		puyuq0-	puyu3	base
puyughqe-		puyuq0-	puyu3	base
qaa		qa(C)u3-		base
qaaghllag-		qa(C)u3-		base
qaake-		qak0-		base
qaame-		qam0-		base
qaamqaghte-		qamq0-		base
qaanrak		qan$ak		base
qaasni-		qac0li-		base
qaayghu		qa(C)03u(3)		base
qafsik		qatvi!		base
qafsina(t)		qavcit		base
qagegh-		qa!03-		base
qageq		qa!0(3)		base
qagha		qa3a-		base
qagha(ya)		qa3a		base
qaghaaya		qa3a		base
qaghleg-		qa30-		base
qaghlegute-		qa30-		base
qaghlu		0k03lu		base
qaghlu-		0k03lu		base
qaghya-		qa3ya		base
qagi		qa!0(3)		base
qagingiiq		qa!i&&i3		base
qaguq		qa!u3		base
qakeq		qak03-		base
qakegh-		qak03-		base
qakite-		qakkit-	qak03(lu!)	base
qakun		qaku		base
qalghigh-		qal03-		base
qaliq		qali3	qa90-	base
qalla		qa@a-¹		base
qalleg-		qa@a-²		base
qallevak		qa@0vak		base
qalmagh-		qalma3-		base
qalmesaq		qalmi(t)yaq		base
qalqalima		qalqa		base
qalqasiq		qa@aci3		base
qalta		qalt0		base
qaltaq		qalta3		base
qalu		qalu(-)		base
qalugyaq		qalu!ya3		base
qamigagh-		qami!a3-	qamu3-	base
qamite-		qamit0-	qamu3-	base
qamsuuk		qamcu!-	qam0-	base
qamte-		qam0t-	qam0-	base
qamugh-		qamu3-		base
qamughagh-		qamu3a3-	qamu3-	base
qanegh-		qan03-	qan03	base
qanemsug-		qan0mcuk	qan03(-)	base
qanegh-		qan03(-)		base
qaneq		qan03(-)		base
qangigaq		qa&i!a3		base
qangquq		qa&qu3-		base
qani-		qani-		base
qanik		qani!		base
qanigughte-		qani!		base
qantaghaq		qanta3aq	qan0t-	base
qantaghalli-		qanta3aq	qan0t-	base
qantaq		qantaq		base
qantak		qantaq		base
qapigh-		qapi3-		base
qaquuraq		qaqu(3)		base
qasaghte-		qaca3-		base
qasike-		qaca!-		base
qaspeghaq		qasp0q	qa90-	base
qasqite-		qa9qa3	qa90-	base
qategh-		qat03-		base
qatek		qat0!		base
qavagh-		qava3-		base
qavaghni-		qava3ni-	qava3-	base
qavaghvik		qava3vik	qava3-	base
qavanguq		qava&uq	qava3-	base
qavigh-		qavi3-		base
qavlegh-		q0vl03-		base
qavngaq		qa&vaq	qa&a	base
qavraatat		qa9va3-	qa90-	base
qavragh-		qa9va3-	qa90-	base
qaywaak		qav0!a!		base
qayaghtugh-		qaya3tu3-	qaya3	base
qayaq		qaya3		base
qaye-		qa90-		base
qayeligh-		qa90li3-	qa90-	base
qayetghute-		qa90(t)3ut0-	qa90-	base
qayngun		qayu(q)		base
qayug-		qayu!-		base
qayuq	broth, tea	qayu3		base
qayuq	how	qayu(q)		base
qayuutaq		qayu(C)uta3	qayu3	base
qazigyaq		qa9i!ya3		base
qefliqe-		q0v0(t)-		base
qeghaq		0k03a3		base
qeghagh-		0k03a3		base
qelagh-		q0la-¹		base
qelanegh-		q0lan03(a3)-	q0la-¹	base
qeleqetaagh-		qal0q0-		base
qelli-		q0lli-		base
qellu		0qlu		base
qellughte-		q0@u3t0-	0q0-¹	base
qelmegh-		q0vl03-		base
qelpaghte-		q0lpa3-		base
qelu-		q0lu-		base
qemeghyaq		q0m03ya3		base
qemiq		q0mi3¹		base
qemite-		q0mit-		base
qemtaq		q0mtaq		base
qeneghte-		q0n03-		base
qengaghuq		q0&a3uk	q0&a3	base
qengalek		q0&al0!	q0&a3	base
qengaq		q0&a3		base
qenngu		q0n&u(3)		base
qenngulliqe-		q0n&u@iq0(t)-	q0n&u(3)	base
qenu		q0nu		base
qepe-,qepneq,		q0p0-		base
qeputaq		q0p0-		base
qera		q0$a		base
qerngagh-		q0&$u3-		base
qernguhgte-		q0&$u3-		base
qerngughhugh-		q0&$u3-		base
qesigh-		q0ci3(-)		base
qesug-		q0c(c)u!-		base
qesug(yug)-		quvya(yu!)-		base
qesuqite-		q0cuqit0-		base
qete-		0q0t-	0q0-¹	base
qeteq		q0t03		base
qetgegh-		q0t0!-		base
qetnggigh-		qit&i3- and qit&a3-		base
qetnggiqe-		qit&i3- and qit&a3-		base
qetusqaaq		q0tut-		base
qetusqwaaq		q0tut-		base
qeziq		qisiq		base
qigugh-		qi!u3-		base
qiguk		qiyu(!)(-)		base
qiifte-		qiv0(3)-		base
qiighnagh-		qi(C)a3-		base
qiighnite-		qi(C)a3-		base
qiighqaq		qik03ta3		base
qiighw-		quy03-		base
qiiksug-		qik0-¹		base
qiipaq		qip9a3	qip0-	base
qiipe-		qip0-		base
qiiqw		qi903		base
qiive-		qiv0(3)-		base
qikmighwaaq		qikmi3uaq		base
qikmiq		qikmi3		base
qiku		qiku		base
qilag-		qila!-		base
qilak		qila!		base
qiligh(yug)-		qi(C)0li3-	qi(C)0t-	base
qilleghneq		qi@03n03	qi@03-	base
qilleghte-		qi@03-		base
qilu		qilu		base
qilug-		qilu!-		base
qimag-		qima!-		base
qimug-		qimu!-		base
qimugsigh-		qimu!ci3(-)	qimu!-	base
qimugsiq		qimu!ci3(-)	qimu!-	base
qineghte-		qin03-		base
qingagh-		qi&&a3-		base
qingsig-		qikci!-	qik0-¹	base
qingsugaghte-		qi&cu!(-)		base
qinu-		qinu-		base
qitegh-		qit03-		base
qiteve-		qit0v0(t)-		base
qivghu-		qiv3u-		base
qiya-		qi9a-		base
qugaak		qu!0l03-		base
qugaghsiigh-		qu!9a3-		base
qugaghtaq		qu!a3ta		base
qugaghtaq		qu!9a3utna3	qu!9a3-	base
qugelngiq		qu!0l&i3		base
qughlaa		qu3li(C)a3		base
qughtuqaq		qu!tuqa3		base
qugina(yug)-		qu!ina!-		base
quginaq		qu!i-		base
qukaq		qukaq		base
qukfigh-		qukvi3-		base
qula		qul0(t)	qul0-	base
qulet		qul0(t)	qul0-	base
qula		qul0-		base
qulighneq		quli3	qul0-	base
qulite-		qulit-	qul0-	base
qulligek		qa3(u)@i!		base
qullig-		qa3(u)@i!		base
qulmesiin		qul0mci(C)un		base
qulvagh-		qulva3-	qul0-	base
quma		quma(3)		base
qumik		qumi!-		base
qumsegte-		qu9umi!-	qu9u-	base
qunga		qu&at0-		base
qunglug-		qu&lu!-		base
qungsugh-		qu&cu3-		base
qungugh-		qu&u3-		base
qunguq		qu&03		base
qungyagh-		qu&ya3-		base
quni		qunik		base
qupak		qupa!		base
qupneq		qupn03	qup0-	base
quprughaq		qupan(n)u(C)a3		base
ququngaq		ququ&aq		base
quta		qut0		base
qutngugh-		qut&u3-		base
qutug-		qutu!-		base
qutuq		qutu(!)		base
quugte-		q09u!ta3-	q09u!	base
quuk		qu!9u!		base
quuk		q09u!		base
quulqin		qulqin		base
quupe-		qup0-		base
quusqe-		qu9u-		base
quuve-		quv0-		base
quveghta		quv03t0		base
quvegsi		quv0!ci(q)		base
quya-		quya-		base
quyanatun		quyana3	quya-	base
quyillek		qul9i!-		base
quyngiq		quy&iq		base
rii		039i		base
riiglluk		ca90!(i3)		base
riigta		$i!t0		base
riiq		t0k90(3)		base
sa-		cu(na)		base
saa		cu(na)		base
saafte-		cav0t-		base
saag-		ci9a!-		base
saape-		cap0-		base
sa(a)putaq		cap(p)un	cap0-	base
saat		cu(na)		base
saaygu		ca90!u3		base
saayngiitaq		ca90&ilita3	ca90-	base
safleg-		cav@0!-	cav0t-	base
sagelmak		ca!0lmak		base
sagheve-		ca30v0		base
saghligaq		ca3li!a3		base
saghumik		ca3umi!		base
saghya		cua3$uk	cu(na)	base
sagiqe-		ca!iq0-		base
sagniin		ca!&i-		base
saguyaq		ca!uyaq		base
sakegh-		caki(t0)-		base
sakete-		cak0v0t-		base
saki		caki		base
sakiiq		caki3a3	caki	base
sakiighaq		caki3a3	caki	base
sakimak		caki(C)a!		base
sakniqe-		cak0(t)-		base
salin		cu(na)li	cu(na)	base
sallagte-		ca@i!-²		base
sallaqi-		ca@a-		base
sallek		ca@0k		base
salligte-		ca@i!-¹		base
sallegte-		ca@i!-¹		base
sallmak		ca@mak		base
sallmag-		ca@mak		base
sal&ak		sa&lak		base
salug-		calu!-		base
sanagte-		cana-		base
sanaghte-		cana3t0-		base
sangan		ca&an	cu(na)	base
sangigte-		cani3-		base
sangite-		cu(na)&it-		base
sangwaa		cu(na)		base
sangyagh-		ca&ya3-		base
sangyite-		ca&ya3-		base
saniani		cani-		base
saningughtaq		cani&u3taq	cani-	base
saniquun		canniqun	cani-	base
sanivagh-		caniva3-	cani-	base
sanqun		canqun		base
sapeghhnagh-		cap03na3-		base
sapeghhnaq		cap03na3-		base
saqeghqe-		caq0-²		base
saqeghte-		caq0-²		base
saqeme-		ca30v0-		base
saqfigh-		caqvi3-	caqvi!	base
saqighqe-		caq0-²		base
saqlak		caqla!		base
saqugneq		caqu-²		base
saquk		caqu-²		base
saqumig-		caqu-²		base
saquste-		caqu-¹		base
sata		cat0		base
satelgaq		tat0l!a3		base
savek		cav0!		base
saveg-		cav0!		base
savighqe(t)-		cavi3u3-	cavi!	base
savik		cavi!		base
savilquq		cavi!		base
saya		ca90-		base
sayug-		cayu!-		base
sayugh-		cayu3-		base
sayugpagtagh-		cayu!-		base
segesquq		ci!09qu3		base
segesqwaaq		ci!09qu(C)a3	ci!09qu3	base
seghe-		ci90!-		base
seghhe-		09i3		base
seghleq		ci3l03-		base
seghleghqe-		ci3l03-		base
sengelqagh		ci&0l0-		base
seve-		civ0-		base
sighla-		ci3la!		base
sighuneq		ci3un0q		base
sigiqe-		ci!i-		base
sii		0ci3		base
siifte-		civt0-		base
siigh-		0cu3it-	0cu3-	base
siigte-		0t0!(ta3)-		base
siimghu		ci9am3u	ci9a!-	base
siinge-		ci&0(t)-		base
siipneq		cip(0)n03	cip0(t)-	base
siipneqllukek		cip(0)n03	cip0(t)-	base
siipte-		cip0(t)-		base
sikete-		cik0(t)-		base
sikik		cik9i!		base
siklaq		cikla3		base
sikna(yug)-		cikna-		base
siku		ciku		base
sikuq		ciku3		base
sikwaavreghaq		ciku(C)a3	ciku	base
sikaaq		cika(C)aq		base
simigh-		cimmi3-		base
singagh-		ci&a3-		base
singik		ci&i!		base
singik		ci&ik		base
singiq		ci&i3		base
sipelaaq		civu3a3	sii6lu-X	base
sipelaaq		ci!u3a3		
sipegte-		cip0(!)-		base
sipsaq		cipya3		base
siqineq		ciqin03		base
siqite-		ciq(q)it-	ciq03-	base
siqlugaq		ciqlu!a3		base
siqni-		ciqni-		base
sivu		civu-		base
sivug-		civ(v)u!-		base
sivugh-		civvu3-		base
sivugnga-		civ(v)u!-		base
sivuliq		civul(l)i3	civu-	base
sivuneq		civun03	civu-	base
sivuqaq		civuqa3	civu-	base
sivuqliq		civuqli3	civu-	base
sivuughagh-		civu(C)u3a-		base
sivuyagta		civuya!t0		base
sivuyak		civuyak	civu	base
sivuyagta		civuyak	civu	base
sivaaq		civu(C)a3	civu-	base
suflu(q)		cuplu!		base
sufluk		cuplu!		base
sugag-		cu!a!-		base
sughug-		cu39u!-		base
sugruk		cu!9u!		base
sugrugeq		cu!9u!		base
sukangite-		cuk(k)a&it-	cuk(k)a-	base
sukate-		cuk(k)a-		base
sukite-		cukkit-	cuki(3)	base
sukitun		cukkit-	cuki(3)	base
suklugraq		cukluk		base
sullevneq		cu@0vn0q		base
suluk		culu!		base
sumeq		cum03(t0)-		base
suna		cu(na)		base
sunami		cu(na)		base
sungaghteqe-		cu&a3-		base
sungagyaak		cu&a!-	cu&a(3)	base
sungagyaak		cu&a3-	cu&a(3)	base
sungagyuk		cu&a!-	cu&a(3)	base
sungagyuk		cu&a3-	cu&a(3)	base
sungaq		cu&a(3)		base
sungite-		cu&it0-		base
supug-		cup0-		base
supuk		cup0-		base
supugh-		cupu3-	cup0-	base
suqaq		cuqqa3		base
suqlaq		cuqla!		base
suqlugh-		cuqlu3-		base
susuq		ciq03-		base
suugh-		0cu3-		base
suughaq		cu3aq		base
suughite-		0cu3it-	0cu3-	base
suume-		cumi!-		base
suupe-		cup0-		base
taagken		ta!wak0n	ta9va	base
taake-		tak0-		base
taane-		tan0!-		base
taapak		tuvapa!		base
taape-		tap0t-²		base
taapute-		tap0t-²		base
taaqe-		taq0-		base
taatget		tat0k0	tat0	base
taawa		ta9va		base
taayug(yug)-		tayu(!)-		base
taflu		pavlu		base
tafsi		tavci		base
taghneghaq		ta3(a)n0q		base
taghnughhaq		tan!u3aq		base
taghpagh-		ta3pa3-		base
taghu		ta3u		base
taghyuq		ta3(0)yu3		base
tagi-		ta!i-		base
tagitugiiq		ta!itu!i(C)aq	ta!0tu!	base
tagituk		ta!0tu!		base
taglagh-		ta!0-		base
tagneq		ta303n03	ta303(-)	base
tagnegh-		ta303n03	ta303(-)	base
tagsigh-		ta!ci3-	ta!0-	base
tagtala		tak0-		base
takagh-		taka3-¹		base
takagh(yug)-		taka3-²		base
takelli-		tak0li-		base
takerkak		tak5u(k)		base
taklagh-		takla3-		base
taku-		taku-		base
talaghitagh-		talaa30		base
talite-		talit-	talu(-)	base
tallaagh-		talu3-		base
tallighpik		ta@i3pi!	ta@i3	base
tallimat		ta@@imat		base
talliq		ta@i3		base
talliquq		ta@iqu3		base
tallu-		talu3-		base
tallugh(yug)-		ta@u3-		base
talughte-		talu3t0-		base
tamaa-		tamu3-		base
tamaghhagh-		tama3-		base
tamangani		tama&ani	tama3-	base
tamlag-		talma!-		base
tamlu		tamlu		base
tamlughun		tamlu3un	tamlu	base
tanem		tan0m		base
tangeq	reason behind	ta&03-		base
tangeq	part of blubber	ta&03		base
tangtaquq		natanqu3		base
tangyeq		taya3n03		base
tannga		tan0!		base
tanpeq		ta&p0q		base
tanqiq		tanqi3		base
tapghaq		tap3a3²		base
tapghaq		tap3a3¹		base
taqeq		taqa3		base
taqiiq		taaqaq		base
taquq		taquq		base
taqughte-		taquq		base
tasik		taci-		base
tasiq		taci-		base
taslugh-		tatyu3-		base
tatame-		tatam0(t)-		base
tateghte-		tat0-		base
tatek		tat0k		base
tawaten		ta!wat0n	ta9va	base
tawatete-		ta!wat0n	ta9va	base
tefaay		t0vvu!-		base
tefli		t0pli		base
tegak		t0!!a!		base
teggeq		t0!0!-		base
teghigaq		t03i!a3	t03i!	base
teghiglugsiq		t03i!lu!ciq	t03i!	base
teghigluk		t03i!lu!		base
teghigniigh-		t03i!		base
teghiigh-		t03i(C)a3-	t03i!	base
teghik		t03i!		base
teghikusaq		t03ik5uq-	t03i!	base
teghlug-		tula!-		base
teghtugh-		0t03-		base
taghtugh-		0t03-		base
tegleg-		t0!l0!-		base
teglengalghii		t0!l0&a3-	t0!l0!-	base
tekagh-		t0(!)ka3-	t0!0!-	base
tekeghaq		t0k03a3	t0k03	base
tekeq		t0k03		base
tekerquq		t0k09qu3		base
tekeyiighaq		t0kiyaq		base
teki(i)te-		t0kit-		base
tema		t0m0		base
temkaq		t0mkaq		base
temli-		0t0mli-	0t03-	base
temsiyaaghagh-		t0mci-		base
tenga		t0&0		base
tengayuk		t0&ayu!	t0&0	base
tenge-		t0&0-		base
tengghu(yug)-		t0&3u-		base
tenglug-		t0&lu!(-)		base
tengqall		ukt0&qa(3)-		base
tengte-		t0&0t-		base
tenguk		t0&u!		base
tenguqe-		t0&uq0-		base
tepa		t0p0		base
tepaq		t0p9a3	t0p0-	base
tepe-		t0p0-		base
teq		0t03		base
tequq		0t0qu3	0t03	base
terateriiq		t09at09a(C)i3		base
teregh-		t0t03-		base
teve-		0t0v0(t)-		base
tevigh-		t0vi3-		base
tevyaghaq		0t0vya3a3	0t0v0(t)-	base
tiig-		ta90!-		base
tungeqliq		tu& (0)li3	tu&0-	base
tugegh-		tu!03-		base
tugagh-		tu!03-		base
tugeq		tu!03	tu!03-	base
tughneghaq		tu!0n3a3		base
tugmagte-		tu&va3-		base
tugu-		t0!u-		base
tugumiiq		t0!umi(C)a3		base
tugun		t0!!un		base
tugutaq		t0!!un		base
tukaate-		tuka(3)-		base
tukagh-		tukka3-		base
tukegh-		tuk03-		base
tukfigh-		tukvi3-		base
tukughaq		tuku(q)		base
tukughnak		tuku3naq		base
tukuq		tukku(3)		base
tukuqe-		tukku(3)		base
tulimaq		tulima3		base
tulughyak		tulu3ya3	tulu3-	base
tuma		tum0		base
tumag-		tuma!-		base
tumagh-		tum9a3-	tum0	base
tunak		0t0ma!		base
tuneq		tu&03		base
tunga		tu&0-		base
tunglet		tu&l0(3)		base
tungsigh-		tu&ci3-		base
tungtu		tuntu		base
tungtut		tuntu39u!	tuntu	base
tungtuvak		tuntuva!	tuntu	base
tungu-		cu&u-		base
tungyuq		tu&yuq		base
tunu		tunu		base
tunuq		tunnu3		base
tunughaq		tunnu3		base
tunusuk		tunucu!	tunu	base
tunute-		tunut-	tunu	base
tunuvagh-		tunuva3-	tunu	base
tupag-		tupa!-		base
tupagpag-		tupa!-		base
tupeq		tup03		base
tuqlugh-		tuqlu3(a3)-	tuqlu(!)	base
tuqlughagh-		tuqlu3(a3)-	tuqlu(!)	base
tuqu-		tuqu(-)		base
tuqunagh-		tuquna3-	tuqu(-)	base
tuqute-		tuqut-	tuqu(-)	base
turiik		tu9i!		base
tusaqe-		tuca3-		base
tusaqneghllug-		tuca3-		base
tusiigate-		tutya!at-		base
tuteg-		tut0!-		base
tutemqaq		tutm0qa3	tut0-	base
tutmagh-		tutma3-	tut0-	base
tuufte-		tup0t-		base
tuugkaq		tu!0ka3		base
tuughqaq		tu!0ka3		base
tuugte-		tu!0t-		base
tuune-		tun0-		base
tuungliq		tu&(0)li3	tu&0-	base
tuusaq		tutya3(a3)	tut0-	base
tuuslagh-		tucila3-		base
tuuslite-		tucila3-		base
tuutaq		tu(C)uta3		base
tuute-		tut-		base
tuute-		tut0-		base
tuvaq		tuva3		base
tuvghaq		tuv03a3		base
tuya		tuy0		base
tuyugh-		tuyu3-		base
ufsug-		0vcu!-		base
ugate-		u!an		base
ugharra		u33a3		base
ughhe-		qu30-		base
ughhmaataq		qu3(03)ma3-	qu30-	base
ughleveq		u3l0v0q		base
ughluveq		u3luv03		base
ughnek		u3n0!-		base
ughu		u39u3		base
ughug-		u3u!-	u30-	base
ughvik		u3vik		base
ughvughqe-		03vuqa3-	030-¹	base
ughvugh-		03vuqa3-	030-¹	base
ughyugh-		u3yu3-		base
ugi		u!i		base
ugighhe-		u!i3(a3)-		base
ugingwaaq		u!i&(&)u9a3	u!i	base
ugini-		u!i3anni-		base
u!iyulek		u!iyu!	u!i	base
ugka		u!uk0	u!u-	base
ugkelli-		u!ukli-	u!u-	base
uglagh-		u!la3-		base
uglaq		u!la3-		base
ugpegh-		ukv03-		base
ugpeqe-		ukv0q0-	ukv03-	base
ugu-		u!u-		base
ugugnaghaq		u!9u!na3	u!9u!	base
ugumi(yug)-		u!umi-		base
uguminaghhalek		u!umi-		base
uguqe-		u!uq0-	u!u-	base
uguqnagh-		u!uqna3-	u!u-	base
ugute-		u!ut-	u!u-	base
ukaaq		uku(C)a3		base
ukaliq		ukaliq		base
ukamagh-		ukama3-		base
ukaziq		ukadi3		base
uki-		uki-²		base
ukite-		ukit-	uki-²	base
uksaaq		ukyu3a3		base
uksuq		ukyu3		base
ukughhaq		uku(C)a3aq	uku(C)a3	base
ulaagh-		ulu3-		base
ulaaq		ulu(3)		base
ulakitaagh-		ulakitaa3-		base
ulakitaaq		ulakitaa3-		base
ulape-		ulap0(t)-		base
uleve-		ul0(-)		base
ulghaaq		ul3u(C)aq		base
ulik		uli!(-)		base
ulig-		uli!(-)		base
ulima-		ulima-		base
ullegh-		u@03-		base
ullungak		u@u!a!		base
ulmig-		ul0t-		base
ulpeg-		ulp0!-¹	ul0t-	base
ulpegte-		ulp0!-²		base
ulpig-		ulp0!-²		base
ulu		ulu(q)		base
ulug-		ulu!-		base
umeg-		um0!-		base
umkughaq		umku3a3		base
umu-		um9u-		base
umyugaq		umyu!$aq		base
umyugiite-		umyu!a3it0-	umyu!zaq	base
unaami		unnu(C)a3	unnu!	base
unaaq		unnu(C)a3	unnu!	base
unaaqu		unnu(C)aqu	unnu!	base
unaghsiq		una3ci3		base
unake-		unak0-	una-¹	base
unange-		una&0-	una-¹	base
unatagh-		unata3-		base
unaymigh-		una9mi-		base
unegte-		un0!-		base
uneq		un03		base
ungagaq		u&a!$aq	u&ak	base
ungagigh-		u&a!i3-	u&ak	base
ungak		u&ak		base
ungavik		u&an		base
ungelegte-		u&ul0!-		base
ungilag-		u&ila!-		base
ungipaghaq		univka3a3		base
ungipaq		univka3a3		base
unglegh-		u&lu		base
unglleg-		u&03-		base
unglun		u&lu		base
ungughte-		u&u3-		base
unguva-		u&uma-		base
unguvagh-		u&umma3-	u&uma-	base
uniigh-		una(C)i3-		base
unite-		unit-		base
unuk		unnu!		base
unug-		unnu!		base
unungsaan		unu!ca3un		base
upag-		upa!-		base
upenghaq		up0n(0)3a3		base
upugh-		up0t-		base
upugha-		upu3a-	up0t-	base
upughat-		upu3a-	up0t-	base
uqengelli-		uqi!itli-	uqi!it-	base
uqengestaaq		uqi!it-		base
uqeq		uq03		base
uqigite-		uqi!it-		base
uqfik		uqvi!		base
uqigite-		uqi&it-		base
uqigtu-		uqi&it-		base
uqiite-		uqqit-	uq03	base
uqik		uqi&it-		base
uqligh-		uqli3-		base
uqliite-		uqli3-		base
uqlughte-		qu3lu3-		base
uqughte-		uq9u3-	uq9u3	base
uquk		uqu!		base
uqumyak		uqumya!	uq9u3	base
uquq		uq9u3		base
usi		uci¹		base
usingigh-		uci&i3-	uci¹	base
uskaaq		uyukku3(a3)		base
uskughaq		uyukku3(a3)		base
uspeqe-		usp03-	u90!-	base
uspete-		usp03-	u90!-	base
usuk		ucu!		base
usuqe-		ucukcaq		base
utaqa-		utaq0-		base
uteghnigh-		ut03ni3-	ut03-	base
uteghte-		ut03-		base
utqiigh-		ut0qi(C)a3-	ut03-	base
utumek		ut0vak		base
utuqa		utuqqa3		base
uughhe-		u30-		base
uughhe-		u3a3-		base
uughqa		uq03		base
uugta		u!taq	u!0t-	base
uugte-		u!0t-		base
uukaq		u9uka3		base
uulmen		ut0tmun	ut03-	base
uulqiq		ulqi3		base
uulte-		ul0t-		base
uunghaq		un03a3		base
uupa		uupa(q)		base
uupte-		up0t-		base
uusneq		uyt0-		base
uusneq		usn0q	uyt0-	base
uusqaq		0t0-		base
uuyni		un03		base
uvaghaa-		uva(C)a-	uv03-	base
uvegh-		uv03-		base
uvelegtagh-		0v0(3)l0!-		base
uveluk		i&(0)yul0!		base
uvinek		uvin0!		base
uyamik		uyami!	uya(qu3)	base
uyangte-		uya!-		base
uyaquq		uya(qu3)		base
uyatu-		uyatu-		base
uyavaq		uyava3-		base
uyavagh-		uyava3-		base
uyegte-		uy0!-		base
uyengpalla-		uyu&0-		base
uyengqagh-		uyu&0-		base
uyghak		uya3a!		base
uyghu		uyu3u(!)		base
uygu-		uy!u-		base
uyiighaq		uya(C)aq		base
uyiiq		uya(C)aq		base
uyug-		uyu!-		base
uyughaq		uyu3aq		base
uyvala-		uyvala-		base
uyviineq		uyvi&it-	uyvi	base
uziva		uyivva3	uyiv0-	base
uzive-		uyiv0-		base
vegaaq		0v0!		base
veghte-		uv03-		base
vegtaaq		0v0!ta3	0v0!	base
vek		0v0!		base
vuu-		i&(0)yu-		base
vuuneq		i&(0)yu-		base
vuveltu		puv0ltu		base
wayagh-		ivaya3-	iva3-	base
wayaq		ivaya3-	iva3-	base
yaag-		ya!(0)-		base
yaagneq		iya!n03	iya!-	base
yaagtagh-		iya!-		base
yaave-		yav0-		base
yaavuquun		yavun	yav0-	base
yakugh(yug)-		i&a!-		base
yakughte-		i&a!-		base
yaqellengataq		caq0l0kita3		base
yaqii-		iyaqqi-	iya!-	base
yaquq		iyaqu3	iya!-	base
yaqulek		iyaqu3	iya!-	base
yiillgi-		i&ut-²		base
yimi(yug)-		i&&imi(yu!)-	i&u!	base
yite-		i&ut-²		base
yu(u)k		i&u!		base
yuggtagh-		yu!t0-	i&u!	base
yughagh-		yu3a3-		base
yughaghta		yu3a3-		base
yuginaq		i&u!inna3	i&u!	base
yugniite-		i&u!ni3-	i&u!	base
yugtagh-		yu!t0-	i&u!	base
yuguma-		i&u!u-	i&u!	base
yugusiq		i&u!uci3	i&u!	base
yugyag-		i&u!ya!-	i&u!	base
yukuta		iyukuta(3)		base
yukutate-		iyukuta(3)		base
yumi(yug)-		i&&imi(yu!)-	i&u!	base
yupik		i&upi!	i&u!	base
yuqeghte-		yuqa3-	iyyu3-	base
yuungaaghaq		iyu&&a3		base
yuutu-		yu!tu-	i&u!	base
yuvghiigh-		iyuv3i3-		base
aatagh-		3ata3		post
aghtagh-		a3		post
aatagh-		3ata3		post
aghtagh-		a3		post
aghte-		a3a3t0		post
aghtugh-		a3		post
aghaatagh-	keep -ing	3ata3		post
angyali		li¹		post
angyi		li¹		post
aq		9a3		post
(g)aqe-		9a3		post
fik		9vi!		post
fqa(gh)-		vqa3		post
gh-		(V)3		post
ghaq		3a3		post
ghhaq		3a3a3		post
ghllag		3@a!		post
ghllagu-		3@a!		post
ghllak		3@a!		post
ghngaa(gh)-		&3a(a)3		post
ghpak		va!( )		post
ghqe-	apply - to	3q0		post
ghqe	divide into - groups	q0		post
ghqu-		qu		post
gku-		qu		post
gpe-		v0(k0)		post
i-	half-trans.	9i		post
(gh)i-	become	li²		post
(ng)igh-		&i3		post
(ng)ighute-		&i3ut0		post
ii-		li¹		post
iiraagh-		&u9a3a3		post
(ng)iitaq		&ilita3		post
(ng)inagh-		&inna3( )		post
(ng)inaq		&inna3( )		post
(ng)isag-		&ica!		post
(ng)ite-		&it		post
kaghaq		ka3aq		post
kaghqaq		k9a3		post
kaghtaq		ta3		post
kanigh-		kkanni3		post
kaq	raw material for	k9a3		post
kaq	past part.	k5aq		post
katagh(agh-)		k(k)atta3		post
kayuk		kayu!( )		post
kayugu		kayu!( )		post
ke-	s.th. one is -ing	k0( )²		post
ke-	have as	k0¹		post
keghtaq		ta3		post
kegtaq		k0!taq		post
kegte-		ki!		post
keq		kna3		post
kestagh-		k0cit0		post
ketagh-		k(k)0ta3		post
krak		k5ak		post
ksagute-		kya!ut0		post
kun		ku		post
kusiigh-		k0cit0		post
kwaaq		k(k)u3		post
laaq		la(C)a3( )		post
laataq		la(3)		post
laataqu-		l(l)u(C)a3		post
leg		l0!		post
lek		l0!		post
lghii-		l3i(C)aq		post
lghutaq		l!hutaq		post
lgigh-		l!i3		post
lgu		l!u		post
lgun		l!un		post
lqusiq		lquciq		post
li-	make	li¹		post
li-	become	li²		post
ligh-		li3		post
lighneq		li3n0q		post
liiq		li(C)u3		post
liite		li(C)ut0		post
linghaq		lin3aq		post
liq		l(l)i3		post
liqe-		liq0		post
llaag		3@a!		post
llaak		3@a!		post
llegagh-		3@a!		post
lleghpigaq		@03²		post
llek		@(0)!u		post
lleq		@03¹		post
llgu-		@(0)!u		post
lli-		@i		post
llu-		@u		post
lluggaq		@u!( )		post
lluk		@u!( )		post
lqusiq		k(k)uci3		post
lugh-		lu3		post
lugpigaq		lu!pi!aq		post
luq		lu(3)		post
(u)ma-		(u)ma		post
magh-		ma3		post
man		(u)ma3(a3)		post
me		m0(t)		post
mete-		m0t0		post
mi-		mi		post
mig-		mi!		post
mii-		mi3u		post
miiq		mi!		post
miqe-		miq0		post
mleghagh-		vla!		post
mlaagh-		vla!		post
mlaaq		vla!		post
mraaq		v$03a3		post
mzaaq		v$03a3		post
mreghaq		v$03a3		post
mzeghaq		v$03a3		post
msiigh-		mcu!( )		post
msiiq		mcu!( )		post
msug-		mcu!( )		post
msuggiite-		mcu!( )		post
(u)n		un		post
na-		na		post
nagh-		na3		post
nanigh-		n3i3		post
naq		na3		post
naqe-		naq0		post
nasiigh-		naci(C)a3		post
nayagh-		ya3		post
neghlluk		n03@u!		post
neghsigh-		c(c)i3		post
neq	activity or state of -ing	n03¹		post
neq	one more or most (of them	n03²		post
nga-		&a¹		post
ngagh-		&a3²		post
ngam		(&)am		post
nge-		n0!		post
nghhaq		n(0)3a3(a3)( )		post
nghite-		n3it		post
ngllagh-		&ca3		post
ngsi-		&si		post
nguq		&u(C)u3		post
nguq		&uq		post
ni-	say that -	ni		post
ni-	smell of	nit		post
niiq		ni(C)a3		post
niq		n(n)i3		post
nite-		nit		post
nkuk		nku!		post
nqegte-		nqi!¹		post
nqegtaq		nqi!¹		post
nqigte-		nqi!²		post
naagh-		na(C)u3		post
naanghite		na(C)u3		post
pagnite-		nit		post
peraq		vla!		post
peruk		yu!		post
pig-		pi!(-)		post
pik		pi!(-)		post
pigaq		pi!(-)		post
qaa-		q(q)a(a)		post
qagh-		k(k)a3		post
qaq		qa3		post
qiinagh-		qa(C)ina3		post
qite-		@it		post
qsug-		qyu!-		post
qugh-		q9u3		post
quq		qu3		post
qutaq		q(q)un		post
raaq		$a3aq		post
raghaq		$a3aq		post
ragkiigh-		$a!		post
rakegte-		$a!		post
rakguuq		$a!		post
regaq		$a!aq		post
rragh-		$a3aq		post
rruuk		9u!a3( )		post
rraak		9u!a3( )		post
rugllak		9u!		post
sagh-	cause to	ca3¹		post
sagh-	in vain, but...	ya3		post
sagh-	go in order to	ya3(tu3)-		post
saghagh-	try to induce to	ca3¹		post
saghagh-	early	ya3a3		post
saghtuq		ca3²		post
si-		ci		post
sigh-		c(c)i3		post
sighwaagh-		ci3u(C)a3		post
siiq		tya!		post
(u)siq		uci3		post
(te)snanigh-		n3i3-		post
sqe-		9q0		post
squq		lqu(C)aq		post
squghhaq		lqu(C)aq		post
staaq		ta3aq		post
staghhaaq		ta3aq		post
staghhiinaq		&inna3( )		post
sugh-		ci(C)u3		post
sugnite-		nit		post
saag-		tya!		post
(s)ta-		090		post
(u)ta(q)		un		post
tagh-	do by nature	t(t)a3		post
tagh-	fetch or gather	ta3		post
tala-		t0l0		post
taq		ta3		post
te	area in such a direction	t0		post
te-	cause to	t¹		post
te-	catch, go to, obtain	t²		post
(u)te-	do for	ut0		post
teste-		t0t		post
tghute-		t3ut0		post
(u)tke-		ut0k0		post
tmiighte		tmi(C)a3t0		post
tu-	have much or a big	tu¹		post
tu-	habitually	tu²		post
tugh-	keep on -ing	tu3²		post
tugh-	use or consume	tu3¹		post
tuq		tu3		post
tuqaq		tuqaq¹		post
tutka-		t0k0		post
tuuma(q)		tu(C)uma		post
(ng)u-		&it		post
(g/t)uq		9u3		post
ugh-		(C)u3		post
(ng)ughte-		&(&)u3		post
vageleg-		va!0l0!		post
vagh-		va3		post
valluq		va@u!( )		post
vgagh-		vla!		post
vik		9vi!		post
vike-		9vik0		post
vleghagh-		vla!		post
vlaagh-		vla!		post
vraagh-		v$03a3		post
vzaagh-		v$03a3		post
vreghagh-		v$03a3		post
vzeghagh-		v$03a3		post
vzigh-		v$03a3		post
vziigh-		mcu!( )		post
(ng)waagh-		&(&)u9a3( )		post
yaag-		tya!		post
yaaghte-		ya		post
yag-		ya!		post
yaget		ya!		post
yagh-	in vain, but...	ya3		post
yagh-	go in order to	ya3(tu3)-		post
yaghagh-		ya3a3-		post
yaghpete-		ya3		post
yaghqaq		ya3ka(C)u		post
yaghqaa-		ya3ka(C)u-		post
yaghtugh-		ya3(tu3)-		post
yagute-		yya!		post
yaqu(nang)		yaqu(na!)		post
yayiiqa		yayiaq(a)		post
yiite-		yu(C)it		post
yu		yu		post
yug-		yu!-		post
yugnagh-		yuna3		post
yugniite-		yuna3		post
yuguma-		yu!uma		post
yuk		yu!		post
yukagh-		yuka3		post
yuq		yu(u)q		post